Workbook

Sheet Gateways_DynamoDB
A1: operator_name | B1: operator_id | C1: id | D1: sn | E1: case_nr | F1: settings | G1: wagon_nr | H1: imei | I1: board_model | J1: battery_mah | K1: installation_date | L1: placement | M1: installed_by | N1: note | O1: setting_string
B2: =IFERROR(INDEX(Companies!$A$3:$A$101,MATCH(A2,Companies!$B$3:$B$101,0)),"") | C2: e00fce68d5f6b9fb3caee958 | E2: GW2203-006 | F2: Shipping | I2: T523M | J2: 19800 | O2: =IFERROR(INDEX(Settings!$AC$3:$AC$95,MATCH(Gateways_DynamoDB!$F2,Settings!$B$3:$B$95,0)),"")
B3: =IFERROR(INDEX(Companies!$A$3:$A$101,MATCH(A3,Companies!$B$3:$B$101,0)),"") | C3: e00fce68fe4dbdb9fab37607 | E3: GW2203-017 | F3: Shipping | I3: T523M | J3: 19800 | N3: REFURBISHED | O3: =IFERROR(INDEX(Settings!$AC$3:$AC$95,MATCH(Gateways_DynamoDB!$F3,Settings!$B$3:$B$95,0)),"")
A4: TANKWAGON | B4: =IFERROR(INDEX(Companies!$A$3:$A$101,MATCH(A4,Companies!$B$3:$B$101,0)),"") | C4: e00fce6887c2f1e171208217 | E4: GW2203-019 | F4: Slow-5-12h | G4: 33877916669-7 | I4: T523M | J4: 19800 | O4: =IFERROR(INDEX(Settings!$AC$3:$AC$95,MATCH(Gateways_DynamoDB!$F4,Settings!$B$3:$B$95,0)),"")
A5: =IFERROR(INDEX(Gateways_MANU!$A$2:$A$4949,MATCH($E5,Gateways_MANU!$B$2:$B$4949,0)),"") | B5: =IFERROR(INDEX(Companies!$A$3:$A$101,MATCH(A5,Companies!$B$3:$B$101,0)),"") | C5: e00fce688ca17b3f3592c148 | E5: GW2203-024 | F5: Shipping | G5: 33854956687-9 | I5: T523M | J5: 19800 | K5: 44832 | L5: L | M5: Hupac | N5: REFURBISHED | O5: =IFERROR(INDEX(Settings!$AC$3:$AC$95,MATCH(Gateways_DynamoDB!$F5,Settings!$B$3:$B$95,0)),"")
B6: =IFERROR(INDEX(Companies!$A$3:$A$101,MATCH(A6,Companies!$B$3:$B$101,0)),"") | C6: e00fce68c836b123fe66b5cc | E6: GW2203-031 | F6: Shipping | I6: T523M | J6: 19800 | N6: REFURBISHED | O6: =IFERROR(INDEX(Settings!$AC$3:$AC$95,MATCH(Gateways_DynamoDB!$F6,Settings!$B$3:$B$95,0)),"")
B7: =IFERROR(INDEX(Companies!$A$3:$A$101,MATCH(A7,Companies!$B$3:$B$101,0)),"") | C7: e00fce68937b6b32fe0ec8c3 | E7: GW2203-035 | F7: Shipping | I7: T523M | J7: 19800 | N7: REFURBISHED | O7: =IFERROR(INDEX(Settings!$AC$3:$AC$95,MATCH(Gateways_DynamoDB!$F7,Settings!$B$3:$B$95,0)),"")
A8: =IFERROR(INDEX(Gateways_MANU!$A$2:$A$4949,MATCH($E8,Gateways_MANU!$B$2:$B$4949,0)),"") | B8: =IFERROR(INDEX(Companies!$A$3:$A$101,MATCH(A8,Companies!$B$3:$B$101,0)),"") | C8: e00fce68f75fe3eac5ee7b0a | E8: GW2203-037 | F8: Shipping | G8: 33854506155-2 | I8: T523M | J8: 19800 | K8: 44832 | L8: L | M8: Hupac | N8: REFURBISHED | O8: =IFERROR(INDEX(Settings!$AC$3:$AC$95,MATCH(Gateways_DynamoDB!$F8,Settings!$B$3:$B$95,0)),"")
C9: e00fce6843cf275e71c9114a | E9: GW2203-043 | F9: Shipping | I9: T523M | J9: 19800 | N9: REFURBISHED | O9: =IFERROR(INDEX(Settings!$AC$3:$AC$95,MATCH(Gateways_DynamoDB!$F9,Settings!$B$3:$B$95,0)),"")
B10: =IFERROR(INDEX(Companies!$A$3:$A$101,MATCH(A10,Companies!$B$3:$B$101,0)),"") | C10: e00fce6896f7577f9882a05e | D10: P025AB035NST2GY | E10: GW2206-011 | F10: Shipping | I10: T523M | J10: =6600*3 | O10: =IFERROR(INDEX(Settings!$AC$3:$AC$95,MATCH(Gateways_DynamoDB!$F10,Settings!$B$3:$B$95,0)),"")
A11: TANKWAGON | B11: =IFERROR(INDEX(Companies!$A$3:$A$101,MATCH(A11,Companies!$B$3:$B$101,0)),"") | C11: e00fce68ad614837daa82ef5 | D11: P025AB110CYFGSN | E11: GW2206-060 | F11: Slow-5-12h | G11: 33747913061-5 | I11: T523M | J11: =6600*3 | O11: =IFERROR(INDEX(Settings!$AC$3:$AC$95,MATCH(Gateways_DynamoDB!$F11,Settings!$B$3:$B$95,0)),"")
A12: HUPAC | B12: =IFERROR(INDEX(Companies!$A$3:$A$101,MATCH(A12,Companies!$B$3:$B$101,0)),"") | C12: e00fce68fabaf7b85132d014 | D12: P025AB106R9KDYH | E12: GW2206-089 | F12: Shipping | G12: 33854956687-9 | I12: T523M | J12: =6600*3 | K12: 44832 | L12: R | M12: Hupac | N12: REFURBISHED | O12: =IFERROR(INDEX(Settings!$AC$3:$AC$95,MATCH(Gateways_DynamoDB!$F12,Settings!$B$3:$B$95,0)),"")
A13: VTG | B13: =IFERROR(INDEX(Companies!$A$3:$A$101,MATCH(A13,Companies!$B$3:$B$101,0)),"") | C13: e00fce68460536b41089cff8 | D13: P025AB029SKJB5U | E13: GW2203-041 | F13: Shipping | H13: 867648041711084 | I13: T523M | J13: 19800 | N13: The device is with VTG, would like to get it back. Not monitored on Ubidots anymore. | O13: =IFERROR(INDEX(Settings!$AC$3:$AC$95,MATCH(Gateways_DynamoDB!$F13,Settings!$B$3:$B$95,0)),"")
A14: VTG | B14: =IFERROR(INDEX(Companies!$A$3:$A$101,MATCH(A14,Companies!$B$3:$B$101,0)),"") | C14: e00fce6851355da59013f2c4 | E14: GW2206-086 | F14: Shipping | N14: The device is with VTG, would like to get it back. Not monitored on Ubidots anymore. | O14: =IFERROR(INDEX(Settings!$AC$3:$AC$95,MATCH(Gateways_DynamoDB!$F14,Settings!$B$3:$B$95,0)),"")
A15: TANKWAGON | B15: =IFERROR(INDEX(Companies!$A$3:$A$101,MATCH(A15,Companies!$B$3:$B$101,0)),"") | C15: e00fce68dcd8c78ed63ea671 | E15: GW2203-022 | F15: Shipping | G15: 33857929905-2 | I15: T523M | J15: =3*6600 | K15: 45210 | L15: L | M15: TANKWAGON | N15: REFURBISHED | O15: =IFERROR(INDEX(Settings!$AC$3:$AC$95,MATCH(Gateways_DynamoDB!$F15,Settings!$B$3:$B$95,0)),"")
A16: AMBROGIO | B16: =IFERROR(INDEX(Companies!$A$3:$A$101,MATCH(A16,Companies!$B$3:$B$101,0)),"") | C16: e00fce68afcedd2b5f45923c | D16: P025AB029VMW27B | E16: GW2206-039 | F16: Shipping | G16: 33-83-495-4-940-6 | I16: T523M | J16: =6600*3 | K16: 44832 | L16: L | M16: Viezo | O16: =IFERROR(INDEX(Settings!$AC$3:$AC$95,MATCH(Gateways_DynamoDB!$F16,Settings!$B$3:$B$95,0)),"")
A17: TRANSFESA | B17: =IFERROR(INDEX(Companies!$A$3:$A$101,MATCH(A17,Companies!$B$3:$B$101,0)),"") | C17: e00fce6819fe1dab0cbaa87e | D17: P025AB028DKE4WY | E17: GW2206-077 | F17: Shipping | G17: 24714450036-7 | H17: 867648041714096 | I17: T523M | J17: 19800 | K17: 44893 | O17: =IFERROR(INDEX(Settings!$AC$3:$AC$95,MATCH(Gateways_DynamoDB!$F17,Settings!$B$3:$B$95,0)),"")
A18: TANKWAGON | B18: =IFERROR(INDEX(Companies!$A$3:$A$101,MATCH(A18,Companies!$B$3:$B$101,0)),"") | C18: e00fce68c2592b9188efd2c9 | D18: P025AB028C6AVWK | E18: GW2203-021 | F18: Slow-5-12h | G18: 33877916663-0 | H18: 867648041704329 | I18: T523M | J18: 19800 | N18: was_GW2206-080 | O18: =IFERROR(INDEX(Settings!$AC$3:$AC$95,MATCH(Gateways_DynamoDB!$F18,Settings!$B$3:$B$95,0)),"")
A19: TANKWAGON | B19: =IFERROR(INDEX(Companies!$A$3:$A$101,MATCH(A19,Companies!$B$3:$B$101,0)),"") | C19: e00fce68122c671cbe1f1ff1 | E19: GW2203-003 | F19: Slow-5-12h | G19: 33877916666-3 | O19: =IFERROR(INDEX(Settings!$AC$3:$AC$95,MATCH(Gateways_DynamoDB!$F19,Settings!$B$3:$B$95,0)),"")
B20: =IFERROR(INDEX(Companies!$A$3:$A$101,MATCH(A20,Companies!$B$3:$B$101,0)),"") | C20: e00fce683054951baa398b52 | E20: GW2203-015 | F20: Shipping | O20: =IFERROR(INDEX(Settings!$AC$3:$AC$95,MATCH(Gateways_DynamoDB!$F20,Settings!$B$3:$B$95,0)),"")
A21: RAILIZE | B21: =IFERROR(INDEX(Companies!$A$3:$A$101,MATCH(A21,Companies!$B$3:$B$101,0)),"") | C21: e00fce68fee664d352aabbb4 | D21: P025AB028UWJH3K | E21: GW2206-061 | F21: Shipping | H21: 867648041664994 | I21: T523M | J21: 19800 | O21: =IFERROR(INDEX(Settings!$AC$3:$AC$95,MATCH(Gateways_DynamoDB!$F21,Settings!$B$3:$B$95,0)),"")
A22: =IFERROR(INDEX(Gateways_MANU!$A$2:$A$4949,MATCH($E22,Gateways_MANU!$B$2:$B$4949,0)),"") | B22: =IFERROR(INDEX(Companies!$A$3:$A$101,MATCH(A22,Companies!$B$3:$B$101,0)),"") | C22: e00fce68f7915cebf1562e87 | E22: GW2203-007 | F22: Shipping | G22: 3354-3937-523-9 | J22: 19800 | K22: 44888 | M22: SGL | N22: The operator has the device or its lost (they paid for it), but we dont monitor it on Ubidots anymore. | O22: =IFERROR(INDEX(Settings!$AC$3:$AC$95,MATCH(Gateways_DynamoDB!$F22,Settings!$B$3:$B$95,0)),"")
A23: =IFERROR(INDEX(Gateways_MANU!$A$2:$A$4949,MATCH($E23,Gateways_MANU!$B$2:$B$4949,0)),"") | B23: =IFERROR(INDEX(Companies!$A$3:$A$101,MATCH(A23,Companies!$B$3:$B$101,0)),"") | C23: e00fce6831de67dd448473e9 | D23: P025AB0296GK27H | E23: GW2206-094 | F23: Shipping | G23: 83546985088-6 | H23: 867648041698265 | J23: =3*6600 | K23: 44909 | L23: R | M23: HVLE | N23: 44876 | O23: =IFERROR(INDEX(Settings!$AC$3:$AC$95,MATCH(Gateways_DynamoDB!$F23,Settings!$B$3:$B$95,0)),"")
A24: CFLCARGO | B24: =IFERROR(INDEX(Companies!$A$3:$A$101,MATCH(A24,Companies!$B$3:$B$101,0)),"") | C24: e00fce6884e6fce92e4a8614 | D24: P025AB110468W3Y | E24: GW2206-093 | F24: Normal-2-6h | G24: MAK314 | I24: T523M | J24: =6600*3 | O24: =IFERROR(INDEX(Settings!$AC$3:$AC$95,MATCH(Gateways_DynamoDB!$F24,Settings!$B$3:$B$95,0)),"")
A25: =IFERROR(T(INDEX(Gateways_MANU!$A$2:$A$4949,MATCH($E25,Gateways_MANU!$B$2:$B$4949,0))),"") | B25: =IFERROR(INDEX(Companies!$A$3:$A$101,MATCH(A25,Companies!$B$3:$B$101,0)),"") | C25: e00fce68e97726618903cccc | D25: P025AB029EJ2594 | E25: GW2206-084 | F25: Shipping | G25: 33854668206-7 | I25: T523M | J25: =6600*3 | K25: 44918 | L25: L | M25: Viezo | O25: =IFERROR(INDEX(Settings!$AC$3:$AC$95,MATCH(Gateways_DynamoDB!$F25,Settings!$B$3:$B$95,0)),"")
A26: RENFE | B26: =IFERROR(INDEX(Companies!$A$3:$A$101,MATCH(A26,Companies!$B$3:$B$101,0)),"") | C26: e00fce6806eb219a43754b61 | D26: P025AB1109GN7DK | E26: GW2203-027 | F26: Shipping | G26: 527017 | I26: T523M | J26: =6600*3 | O26: =IFERROR(INDEX(Settings!$AC$3:$AC$95,MATCH(Gateways_DynamoDB!$F26,Settings!$B$3:$B$95,0)),"")
A27: TANKWAGON | B27: =IFERROR(INDEX(Companies!$A$3:$A$101,MATCH(A27,Companies!$B$3:$B$101,0)),"") | C27: e00fce68193d8bb1b06adc22 | D27: P025AB110H6FVU3 | E27: GW2206-019 | F27: Slow-5-12h | G27: 33877916681-2 | I27: T523M | J27: =6600*3 | O27: =IFERROR(INDEX(Settings!$AC$3:$AC$95,MATCH(Gateways_DynamoDB!$F27,Settings!$B$3:$B$95,0)),"")
A28: =IFERROR(INDEX(Gateways_MANU!$A$2:$A$4949,MATCH($E28,Gateways_MANU!$B$2:$B$4949,0)),"") | B28: =IFERROR(INDEX(Companies!$A$3:$A$101,MATCH(A28,Companies!$B$3:$B$101,0)),"") | C28: e00fce68fddc3f4dcf9a3b74 | E28: GW2203-034 | F28: Shipping | N28: The operator has the device or its lost (they paid for it), but we dont monitor it on Ubidots anymore. | O28: =IFERROR(INDEX(Settings!$AC$3:$AC$95,MATCH(Gateways_DynamoDB!$F28,Settings!$B$3:$B$95,0)),"")
A29: =IFERROR(INDEX(Gateways_MANU!$A$2:$A$4949,MATCH($E29,Gateways_MANU!$B$2:$B$4949,0)),"") | B29: =IFERROR(INDEX(Companies!$A$3:$A$101,MATCH(A29,Companies!$B$3:$B$101,0)),"") | C29: e00fce6853420f8642781437 | E29: GW2203-049 | F29: Shipping | N29: The operator has the device or its lost (they paid for it), but we dont monitor it on Ubidots anymore. | O29: =IFERROR(INDEX(Settings!$AC$3:$AC$95,MATCH(Gateways_DynamoDB!$F29,Settings!$B$3:$B$95,0)),"")
A30: =IFERROR(INDEX(Gateways_MANU!$A$2:$A$4949,MATCH($E30,Gateways_MANU!$B$2:$B$4949,0)),"") | B30: =IFERROR(INDEX(Companies!$A$3:$A$101,MATCH(A30,Companies!$B$3:$B$101,0)),"") | C30: e00fce68d32ab7e19cf847bf | F30: Shipping | G30: 84515332773-7 | K30: 44873 | L30: R | M30: Viezo | O30: =IFERROR(INDEX(Settings!$AC$3:$AC$95,MATCH(Gateways_DynamoDB!$F30,Settings!$B$3:$B$95,0)),"")
A31: CFLCARGO | B31: =IFERROR(INDEX(Companies!$A$3:$A$101,MATCH(A31,Companies!$B$3:$B$101,0)),"") | C31: e00fce686488370d15054e7b | D31: P025AB029H378CD | E31: GW2206-056 | F31: Normal-2-6h | G31: MAK309 | N31: was GW2203-012 | O31: =IFERROR(INDEX(Settings!$AC$3:$AC$95,MATCH(Gateways_DynamoDB!$F31,Settings!$B$3:$B$95,0)),"")
A32: =IFERROR(INDEX(Gateways_MANU!$A$2:$A$4949,MATCH($E32,Gateways_MANU!$B$2:$B$4949,0)),"") | B32: =IFERROR(INDEX(Companies!$A$3:$A$101,MATCH(A32,Companies!$B$3:$B$101,0)),"") | C32: e00fce6813144c5e8a15791e | E32: GW2203-023 | F32: Shipping | G32: R3555 | K32: 44862 | M32: Fertagus | O32: =IFERROR(INDEX(Settings!$AC$3:$AC$95,MATCH(Gateways_DynamoDB!$F32,Settings!$B$3:$B$95,0)),"")
A33: FERTAGUS | B33: =IFERROR(INDEX(Companies!$A$3:$A$101,MATCH(A33,Companies!$B$3:$B$101,0)),"") | C33: e00fce68962f04b2507c174f | D33: P025AB0293NU7YX | E33: GW2203-020 | F33: Shipping | G33: M3555 | K33: 44862 | M33: Fertagus | O33: =IFERROR(INDEX(Settings!$AC$3:$AC$95,MATCH(Gateways_DynamoDB!$F33,Settings!$B$3:$B$95,0)),"")
A34: =IFERROR(T(INDEX(Gateways_MANU!$A$2:$A$4949,MATCH($E34,Gateways_MANU!$B$2:$B$4949,0))),"") | B34: =IFERROR(INDEX(Companies!$A$3:$A$101,MATCH(A34,Companies!$B$3:$B$101,0)),"") | C34: e00fce68435a9c417f84ebb9 | D34: P025AB110SCH4BF | E34: was_GW2206-091_ | F34: Shipping | I34: T523M | J34: =6600*3 | O34: =IFERROR(INDEX(Settings!$AC$3:$AC$95,MATCH(Gateways_DynamoDB!$F34,Settings!$B$3:$B$95,0)),"")
A35: =IFERROR(T(INDEX(Gateways_MANU!$A$2:$A$4949,MATCH($E35,Gateways_MANU!$B$2:$B$4949,0))),"") | B35: =IFERROR(INDEX(Companies!$A$3:$A$101,MATCH(A35,Companies!$B$3:$B$101,0)),"") | C35: e00fce682cc4e7703b017399 | D35: P025AB106B7TCKY | E35: GW2206-092 | F35: Shipping | G35: 31834589939-3 | I35: T523M | J35: =6600*3 | M35: Mercitalia | O35: =IFERROR(INDEX(Settings!$AC$3:$AC$95,MATCH(Gateways_DynamoDB!$F35,Settings!$B$3:$B$95,0)),"")
A36: =IFERROR(INDEX(Gateways_MANU!$A$2:$A$4949,MATCH($E36,Gateways_MANU!$B$2:$B$4949,0)),"") | B36: =IFERROR(INDEX(Companies!$A$3:$A$101,MATCH(A36,Companies!$B$3:$B$101,0)),"") | C36: e00fce68109636a0fd8cf124 | E36: GW2206-083 | F36: Shipping | G36: 83546985085-2 | I36: T523M | J36: 19800 | K36: 44880 | L36: L | M36: Viezo | N36: 44876 | O36: =IFERROR(INDEX(Settings!$AC$3:$AC$95,MATCH(Gateways_DynamoDB!$F36,Settings!$B$3:$B$95,0)),"")
A37: =IFERROR(INDEX(Gateways_MANU!$A$2:$A$4949,MATCH($E37,Gateways_MANU!$B$2:$B$4949,0)),"") | B37: =IFERROR(INDEX(Companies!$A$3:$A$101,MATCH(A37,Companies!$B$3:$B$101,0)),"") | C37: e00fce68a175ae2bbe0a0169 | E37: GW2203-026 | F37: Shipping | G37: 31833916501-7 | I37: T523M | J37: 19800 | M37: Mercitalia | O37: =IFERROR(INDEX(Settings!$AC$3:$AC$95,MATCH(Gateways_DynamoDB!$F37,Settings!$B$3:$B$95,0)),"")
A38: TRANSFESA | B38: =IFERROR(INDEX(Companies!$A$3:$A$101,MATCH(A38,Companies!$B$3:$B$101,0)),"") | C38: e00fce68d6e6b7a6e0da65b2 | E38: GW2203-047 | F38: Shipping | G38: 43714378393-8 | I38: T523M | J38: 19800 | K38: 44893 | O38: =IFERROR(INDEX(Settings!$AC$3:$AC$95,MATCH(Gateways_DynamoDB!$F38,Settings!$B$3:$B$95,0)),"")
B39: =IFERROR(INDEX(Companies!$A$3:$A$101,MATCH(A39,Companies!$B$3:$B$101,0)),"") | C39: e00fce6854a172d6ecf1f509 | D39: P025AB0348L7M2T | E39: GW2205-TR01 | F39: Shipping | H39: 867648041668953 | I39: T523M | J39: 19800 | N39: warranty | O39: =IFERROR(INDEX(Settings!$AC$3:$AC$95,MATCH(Gateways_DynamoDB!$F39,Settings!$B$3:$B$95,0)),"")
B40: =IFERROR(INDEX(Companies!$A$3:$A$101,MATCH(A40,Companies!$B$3:$B$101,0)),"") | C40: e00fce689be64a638dd177f1 | D40: P025AB0347GFU25 | E40: GW2205-TR02 | F40: Shipping | I40: T523M | N40: warranty | O40: =IFERROR(INDEX(Settings!$AC$3:$AC$95,MATCH(Gateways_DynamoDB!$F40,Settings!$B$3:$B$95,0)),"")
A41: =IFERROR(INDEX(Gateways_MANU!$A$2:$A$4949,MATCH($E41,Gateways_MANU!$B$2:$B$4949,0)),"") | B41: =IFERROR(INDEX(Companies!$A$3:$A$101,MATCH(A41,Companies!$B$3:$B$101,0)),"") | C41: e00fce6869d93115aa17aef7 | D41: P025AB1063KHFAM | E41: GW2206-064 | F41: Shipping | G41: 33854956699-4 | I41: T523M | J41: =6600*3 | K41: 44910 | L41: R | M41: Viezo | N41: 44902 | O41: =IFERROR(INDEX(Settings!$AC$3:$AC$95,MATCH(Gateways_DynamoDB!$F41,Settings!$B$3:$B$95,0)),"")
A42: VIEZO | B42: =IFERROR(INDEX(Companies!$A$3:$A$101,MATCH(A42,Companies!$B$3:$B$101,0)),"") | C42: e00fce68bd2a8e2b186ace1f | D42: P025AB110RFNUAP | E42: DD-DEV-1 | F42: TEST_F3-10min-10min | I42: T523M | J42: =6600*3 | O42: =IFERROR(INDEX(Settings!$AC$3:$AC$95,MATCH(Gateways_DynamoDB!$F42,Settings!$B$3:$B$95,0)),"")
A43: =IFERROR(INDEX(Gateways_MANU!$A$2:$A$4949,MATCH($E43,Gateways_MANU!$B$2:$B$4949,0)),"") | B43: =IFERROR(INDEX(Companies!$A$3:$A$101,MATCH(A43,Companies!$B$3:$B$101,0)),"") | C43: e00fce68895ba1451d8f96a4 | D43: P025AB029C4WBHP | E43: GW2203-016 | F43: Shipping | G43: 31833918084-2 | H43: 867648041692235 | I43: T523M | J43: 19800 | M43: Mercitalia | O43: =IFERROR(INDEX(Settings!$AC$3:$AC$95,MATCH(Gateways_DynamoDB!$F43,Settings!$B$3:$B$95,0)),"")
A44: =IFERROR(INDEX(Gateways_MANU!$A$2:$A$4949,MATCH($E44,Gateways_MANU!$B$2:$B$4949,0)),"") | B44: =IFERROR(INDEX(Companies!$A$3:$A$101,MATCH(A44,Companies!$B$3:$B$101,0)),"") | C44: e00fce68a4f2a051738eeab6 | D44: P025AB029WC8FDM | E44: GW2206-091 | F44: Shipping | H44: 867648041691963 | I44: T523M | J44: 19800 | N44: STOLEN | O44: =IFERROR(INDEX(Settings!$AC$3:$AC$95,MATCH(Gateways_DynamoDB!$F44,Settings!$B$3:$B$95,0)),"")
A45: =IFERROR(T(INDEX(Gateways_MANU!$A$2:$A$4949,MATCH($E45,Gateways_MANU!$B$2:$B$4949,0))),"") | B45: =IFERROR(INDEX(Companies!$A$3:$A$101,MATCH(A45,Companies!$B$3:$B$101,0)),"") | C45: e00fce6875e53cafc1e52a74 | D45: P025AB029U6EVY9 | E45: GW2203-025 | F45: Shipping | G45: 31-56-5941001-5 | H45: 867648041685890 | I45: T523M | J45: 19800 | M45: DP | O45: =IFERROR(INDEX(Settings!$AC$3:$AC$95,MATCH(Gateways_DynamoDB!$F45,Settings!$B$3:$B$95,0)),"")
A46: =IFERROR(INDEX(Gateways_MANU!$A$2:$A$4949,MATCH($E46,Gateways_MANU!$B$2:$B$4949,0)),"") | B46: =IFERROR(INDEX(Companies!$A$3:$A$101,MATCH(A46,Companies!$B$3:$B$101,0)),"") | C46: e00fce68786b61b9a820c45e | D46: P025AB029SMFVU9 | E46: GW2203-042 | F46: Shipping | G46: 83546985072-0 | H46: 867648041694520 | I46: T523M | J46: 19800 | K46: 44880 | L46: R | M46: Viezo | N46: 44876 | O46: =IFERROR(INDEX(Settings!$AC$3:$AC$95,MATCH(Gateways_DynamoDB!$F46,Settings!$B$3:$B$95,0)),"")
A47: INTERFRACHT | B47: =IFERROR(INDEX(Companies!$A$3:$A$101,MATCH(A47,Companies!$B$3:$B$101,0)),"") | C47: e00fce680cda89c75c634154 | D47: P025AB0293NF6GL | E47: GW2203-045 | F47: Shipping | G47: 33-54-076-2130-9 | H47: 867648041701119 | I47: T523M | J47: 19800 | O47: =IFERROR(INDEX(Settings!$AC$3:$AC$95,MATCH(Gateways_DynamoDB!$F47,Settings!$B$3:$B$95,0)),"")
A48: =IFERROR(INDEX(Gateways_MANU!$A$2:$A$4949,MATCH($E48,Gateways_MANU!$B$2:$B$4949,0)),"") | B48: =IFERROR(INDEX(Companies!$A$3:$A$101,MATCH(A48,Companies!$B$3:$B$101,0)),"") | C48: e00fce687bd193d992b01217 | D48: P025AB028MTGFUY | E48: GW2203-050 | F48: Shipping | G48: 83546985012-6 | H48: 867648041694405 | I48: T523M | J48: 19800 | K48: 44880 | L48: R | M48: Viezo | N48: 44876 | O48: =IFERROR(INDEX(Settings!$AC$3:$AC$95,MATCH(Gateways_DynamoDB!$F48,Settings!$B$3:$B$95,0)),"")
B49: =IFERROR(INDEX(Companies!$A$3:$A$101,MATCH(A49,Companies!$B$3:$B$101,0)),"") | C49: e00fce689706b890d87e5e97 | D49: P025AB035FHWLB3 | E49: was_GW2206-001_ | F49: Shipping | N49: warranty | O49: =IFERROR(INDEX(Settings!$AC$3:$AC$95,MATCH(Gateways_DynamoDB!$F49,Settings!$B$3:$B$95,0)),"")
A50: APPLUS | B50: =IFERROR(INDEX(Companies!$A$3:$A$101,MATCH(A50,Companies!$B$3:$B$101,0)),"") | C50: e00fce688ab482b73d61a7e6 | D50: P025AB035NP648S | E50: APPLUS-GW-2 | F50: Shipping | N50: warranty | O50: =IFERROR(INDEX(Settings!$AC$3:$AC$95,MATCH(Gateways_DynamoDB!$F50,Settings!$B$3:$B$95,0)),"")
A51: VIEZO | B51: =IFERROR(INDEX(Companies!$A$3:$A$101,MATCH(A51,Companies!$B$3:$B$101,0)),"") | C51: e00fce68c28aac92c07ae095 | D51: P025AB035F5WP89 | E51: Tracker-2 | F51: Shipping | N51: warranty | O51: =IFERROR(INDEX(Settings!$AC$3:$AC$95,MATCH(Gateways_DynamoDB!$F51,Settings!$B$3:$B$95,0)),"")
B52: =IFERROR(INDEX(Companies!$A$3:$A$101,MATCH(A52,Companies!$B$3:$B$101,0)),"") | C52: e00fce68c63230b048caa37a | D52: P025AB0345NWAMY | E52: was_GW2206-004 | F52: Shipping | N52: warranty | O52: =IFERROR(INDEX(Settings!$AC$3:$AC$95,MATCH(Gateways_DynamoDB!$F52,Settings!$B$3:$B$95,0)),"")
B53: =IFERROR(INDEX(Companies!$A$3:$A$101,MATCH(A53,Companies!$B$3:$B$101,0)),"") | C53: e00fce68b5d682f9b7a12d5b | D53: P025AB034GTSLW5 | E53: was_GW2206-005_ | F53: Shipping | N53: warranty | O53: =IFERROR(INDEX(Settings!$AC$3:$AC$95,MATCH(Gateways_DynamoDB!$F53,Settings!$B$3:$B$95,0)),"")
A54: VIEZO | B54: =IFERROR(INDEX(Companies!$A$3:$A$101,MATCH(A54,Companies!$B$3:$B$101,0)),"") | C54: e00fce689eb91da65b25a6f9 | D54: P025AB035FJL38Y | E54: Tracker-1 | F54: Shipping | N54: warranty | O54: =IFERROR(INDEX(Settings!$AC$3:$AC$95,MATCH(Gateways_DynamoDB!$F54,Settings!$B$3:$B$95,0)),"")
B55: =IFERROR(INDEX(Companies!$A$3:$A$101,MATCH(A55,Companies!$B$3:$B$101,0)),"") | C55: e00fce6832b5efa519fa57cb | D55: P025AB03586V2CK | E55: was_GW2206-TR02 | F55: Shipping | N55: warranty | O55: =IFERROR(INDEX(Settings!$AC$3:$AC$95,MATCH(Gateways_DynamoDB!$F55,Settings!$B$3:$B$95,0)),"")
B56: =IFERROR(INDEX(Companies!$A$3:$A$101,MATCH(A56,Companies!$B$3:$B$101,0)),"") | C56: e00fce68d0182cbe4079cd6d | D56: P025AB034NHM7L3 | E56: was_GW2206-TR03 | F56: Shipping | N56: warranty | O56: =IFERROR(INDEX(Settings!$AC$3:$AC$95,MATCH(Gateways_DynamoDB!$F56,Settings!$B$3:$B$95,0)),"")
B57: =IFERROR(INDEX(Companies!$A$3:$A$101,MATCH(A57,Companies!$B$3:$B$101,0)),"") | C57: e00fce687032f367f93bfa8e | D57: P025AB034UE7D6X | E57: was_GW2206-TR04 | F57: Shipping | N57: warranty | O57: =IFERROR(INDEX(Settings!$AC$3:$AC$95,MATCH(Gateways_DynamoDB!$F57,Settings!$B$3:$B$95,0)),"")
B58: =IFERROR(INDEX(Companies!$A$3:$A$101,MATCH(A58,Companies!$B$3:$B$101,0)),"") | C58: e00fce684b774c93c5800e03 | D58: P025AB035KVNYDE | E58: was_GW2206-TR05 | F58: Shipping | N58: warranty | O58: =IFERROR(INDEX(Settings!$AC$3:$AC$95,MATCH(Gateways_DynamoDB!$F58,Settings!$B$3:$B$95,0)),"")
A59: =IFERROR(INDEX(Gateways_MANU!$A$2:$A$4949,MATCH($E59,Gateways_MANU!$B$2:$B$4949,0)),"") | B59: =IFERROR(INDEX(Companies!$A$3:$A$101,MATCH(A59,Companies!$B$3:$B$101,0)),"") | C59: e00fce689e1cd8ea2f18907a | D59: P032AB114CSR83X | E59: GW2206-TR01 | F59: Shipping | H59: 867648042183044 | I59: T524M | J59: 26400 | O59: =IFERROR(INDEX(Settings!$AC$3:$AC$95,MATCH(Gateways_DynamoDB!$F59,Settings!$B$3:$B$95,0)),"")
A60: RSA | B60: =IFERROR(INDEX(Companies!$A$3:$A$101,MATCH(A60,Companies!$B$3:$B$101,0)),"") | C60: e00fce6814320e9d7650b2fa | D60: P032AB114AL6E7K | E60: GW2206-TR04 | F60: Shipping | H60: 867648042180099 | I60: T524M | J60: 26400 | O60: =IFERROR(INDEX(Settings!$AC$3:$AC$95,MATCH(Gateways_DynamoDB!$F60,Settings!$B$3:$B$95,0)),"")
A61: RAILRELEASE | B61: =IFERROR(INDEX(Companies!$A$3:$A$101,MATCH(A61,Companies!$B$3:$B$101,0)),"") | C61: e00fce682370207d145f3661 | D61: P025AB029PCFYNA | E61: GW2206-TR05 | F61: Normal-2-6h | G61: 37844576158-8 | H61: 867648041666775 | I61: T523M | J61: 26400 | K61: 45064 | M61: VIEZO | O61: =IFERROR(INDEX(Settings!$AC$3:$AC$95,MATCH(Gateways_DynamoDB!$F61,Settings!$B$3:$B$95,0)),"")
A62: =IFERROR(INDEX(Gateways_MANU!$A$2:$A$4949,MATCH($E62,Gateways_MANU!$B$2:$B$4949,0)),"") | B62: =IFERROR(INDEX(Companies!$A$3:$A$101,MATCH(A62,Companies!$B$3:$B$101,0)),"") | C62: e00fce683701ef812295b170 | E62: GW2203-001 | F62: Slow-5-12h | G62: 3780-3939-003-4 | J62: 19800 | K62: 44888 | M62: SGL | N62: The operator has the device or its lost (they paid for it), but we dont monitor it on Ubidots anymore. | O62: =IFERROR(INDEX(Settings!$AC$3:$AC$95,MATCH(Gateways_DynamoDB!$F62,Settings!$B$3:$B$95,0)),"")
A63: =IFERROR(INDEX(Gateways_MANU!$A$2:$A$4949,MATCH($E63,Gateways_MANU!$B$2:$B$4949,0)),"") | B63: =IFERROR(INDEX(Companies!$A$3:$A$101,MATCH(A63,Companies!$B$3:$B$101,0)),"") | C63: e00fce6820e532f64cf53de4 | D63: P025AB0298RHSA3 | E63: GW2203-014 | F63: Shipping | G63: R3505 | K63: 45051 | N63: returned from Ferro dead | O63: =IFERROR(INDEX(Settings!$AC$3:$AC$95,MATCH(Gateways_DynamoDB!$F63,Settings!$B$3:$B$95,0)),"")
A64: VIEZO | B64: =IFERROR(INDEX(Companies!$A$3:$A$101,MATCH(A64,Companies!$B$3:$B$101,0)),"") | C64: e00fce68b55279fdbf8fee3d | D64: P025AB02989NDE2 | E64: Test-3 | F64: Shipping | H64: 867648041694561 | I64: T523M | J64: 13200 | K64: 44664 | O64: =IFERROR(INDEX(Settings!$AC$3:$AC$95,MATCH(Gateways_DynamoDB!$F64,Settings!$B$3:$B$95,0)),"")
A65: Mercitalia | B65: =IFERROR(INDEX(Companies!$A$3:$A$101,MATCH(A65,Companies!$B$3:$B$101,0)),"") | C65: e00fce68670dfcab5ed78b99 | D65: P025AB029E69MYK | E65: GW2206-066 | F65: Shipping | G65: 31833936025-3 | I65: T523M | J65: =6600*3 | K65: 44910 | L65: L | M65: Viezo | O65: =IFERROR(INDEX(Settings!$AC$3:$AC$95,MATCH(Gateways_DynamoDB!$F65,Settings!$B$3:$B$95,0)),"")
A66: TRANSWAGGON | B66: =IFERROR(INDEX(Companies!$A$3:$A$101,MATCH(A66,Companies!$B$3:$B$101,0)),"") | C66: e00fce68116a5bc45b413f8e | D66: P025AB110JXF9EP | E66: GW2206-050 | F66: Shipping | G66: 33802742265-2 | I66: T523M | J66: =6600*3 | O66: =IFERROR(INDEX(Settings!$AC$3:$AC$95,MATCH(Gateways_DynamoDB!$F66,Settings!$B$3:$B$95,0)),"")
B67: =IFERROR(INDEX(Companies!$A$3:$A$101,MATCH(A67,Companies!$B$3:$B$101,0)),"") | C67: e00fce68b56eb2aa618d1e0b | D67: P025AB110GJELH7 | E67: P025AB110GJELH7 | F67: Shipping | I67: T523M | J67: =6600*3 | O67: =IFERROR(INDEX(Settings!$AC$3:$AC$95,MATCH(Gateways_DynamoDB!$F67,Settings!$B$3:$B$95,0)),"")
B68: =IFERROR(INDEX(Companies!$A$3:$A$101,MATCH(A68,Companies!$B$3:$B$101,0)),"") | C68: e00fce68fc94cd4d900ab816 | D68: P025AB029SPD9RG | E68: GW2206-087 | F68: Shipping | I68: T523M | J68: =6600*3 | O68: =IFERROR(INDEX(Settings!$AC$3:$AC$95,MATCH(Gateways_DynamoDB!$F68,Settings!$B$3:$B$95,0)),"")
B69: =IFERROR(INDEX(Companies!$A$3:$A$101,MATCH(A69,Companies!$B$3:$B$101,0)),"") | C69: e00fce68d3773411e416f2b5 | D69: P025AB110PTH5C4 | E69: P025AB110PTH5C4 | F69: Shipping | I69: T523M | J69: =6600*3 | O69: =IFERROR(INDEX(Settings!$AC$3:$AC$95,MATCH(Gateways_DynamoDB!$F69,Settings!$B$3:$B$95,0)),"")
A70: Mercitalia | B70: =IFERROR(INDEX(Companies!$A$3:$A$101,MATCH(A70,Companies!$B$3:$B$101,0)),"") | C70: e00fce68779843766268c97d | D70: P025AB110PDGV4K | E70: GW2206-069 | F70: Shipping | G70: 31835376007-3 | I70: T523M | J70: =6600*3 | K70: 44910 | L70: L | M70: Viezo | O70: =IFERROR(INDEX(Settings!$AC$3:$AC$95,MATCH(Gateways_DynamoDB!$F70,Settings!$B$3:$B$95,0)),"")
A71: Mercitalia | B71: =IFERROR(INDEX(Companies!$A$3:$A$101,MATCH(A71,Companies!$B$3:$B$101,0)),"") | C71: e00fce68f8a57578c994f15b | D71: P025AB1106BR9T5 | E71: GW2206-095 | F71: Shipping | G71: 31833919338-1 | I71: T523M | J71: =6600*3 | K71: 44910 | L71: L | M71: Viezo | O71: =IFERROR(INDEX(Settings!$AC$3:$AC$95,MATCH(Gateways_DynamoDB!$F71,Settings!$B$3:$B$95,0)),"")
A72: Mercitalia | B72: =IFERROR(INDEX(Companies!$A$3:$A$101,MATCH(A72,Companies!$B$3:$B$101,0)),"") | C72: e00fce68510c880f254de238 | D72: P025AB0292VNUJL | E72: GW2206-063 | F72: Shipping | G72: 31834575297-2 | I72: T523M | J72: =6600*3 | K72: 44910 | L72: L | M72: Viezo | O72: =IFERROR(INDEX(Settings!$AC$3:$AC$95,MATCH(Gateways_DynamoDB!$F72,Settings!$B$3:$B$95,0)),"")
B73: =IFERROR(INDEX(Companies!$A$3:$A$101,MATCH(A73,Companies!$B$3:$B$101,0)),"") | C73: e00fce68df24671b96eefe65 | D73: P025AB1066LHUEK | E73: GW2206-040 | F73: Shipping | I73: T523M | J73: =6600*3 | O73: =IFERROR(INDEX(Settings!$AC$3:$AC$95,MATCH(Gateways_DynamoDB!$F73,Settings!$B$3:$B$95,0)),"")
B74: =IFERROR(INDEX(Companies!$A$3:$A$101,MATCH(A74,Companies!$B$3:$B$101,0)),"") | C74: e00fce685cc542efea0b5f7c | D74: P025AB110AJVHBY | E74: GW2206-041 | F74: Shipping | I74: T523M | J74: =6600*3 | O74: =IFERROR(INDEX(Settings!$AC$3:$AC$95,MATCH(Gateways_DynamoDB!$F74,Settings!$B$3:$B$95,0)),"")
A75: Pacific | B75: =IFERROR(INDEX(Companies!$A$3:$A$101,MATCH(A75,Companies!$B$3:$B$101,0)),"") | C75: e00fce680ac4ea579668e96e | D75: P032AB1148LU65B | E75: GW2203-028 | F75: Shipping | G75: 95240733002-8 | H75: 867648042183069 | I75: T524M | J75: 26400 | N75: Replaced with GW2202-005 on 2022-02-13 | O75: =IFERROR(INDEX(Settings!$AC$3:$AC$95,MATCH(Gateways_DynamoDB!$F75,Settings!$B$3:$B$95,0)),"")
A76: Pacific | B76: =IFERROR(INDEX(Companies!$A$3:$A$101,MATCH(A76,Companies!$B$3:$B$101,0)),"") | C76: e00fce68808a510f99233fdf | D76: P032AB114MSU34Y | E76: GW2203-033 | F76: Shipping | G76: 95240733002-8 | H76: 867648042180149 | I76: T524M | J76: 26400 | O76: =IFERROR(INDEX(Settings!$AC$3:$AC$95,MATCH(Gateways_DynamoDB!$F76,Settings!$B$3:$B$95,0)),"")
A77: =IFERROR(INDEX(Gateways_MANU!$A$2:$A$4949,MATCH($E77,Gateways_MANU!$B$2:$B$4949,0)),"") | B77: =IFERROR(INDEX(Companies!$A$3:$A$101,MATCH(A77,Companies!$B$3:$B$101,0)),"") | C77: e00fce6889f8ce3392d1b14d | D77: P025AB029Y2E58M | E77: GW2206-043 | F77: Shipping | G77: 83546985079-5 | I77: T523M | J77: =6600*3 | K77: 44880 | L77: L | M77: Viezo | N77: 44876 | O77: =IFERROR(INDEX(Settings!$AC$3:$AC$95,MATCH(Gateways_DynamoDB!$F77,Settings!$B$3:$B$95,0)),"")
A78: TRANSWAGGON | B78: =IFERROR(INDEX(Companies!$A$3:$A$101,MATCH(A78,Companies!$B$3:$B$101,0)),"") | C78: e00fce68dbb6d12c7e05f029 | D78: P025AB034S6KPEY | E78: GW2206-052 | F78: Shipping | G78: 33802742527-5 | I78: T523M | J78: =6600*3 | O78: =IFERROR(INDEX(Settings!$AC$3:$AC$95,MATCH(Gateways_DynamoDB!$F78,Settings!$B$3:$B$95,0)),"")
A79: =IFERROR(INDEX(Gateways_MANU!$A$2:$A$4949,MATCH($E79,Gateways_MANU!$B$2:$B$4949,0)),"") | B79: =IFERROR(INDEX(Companies!$A$3:$A$101,MATCH(A79,Companies!$B$3:$B$101,0)),"") | C79: e00fce68971081f13480afcc | D79: P025AB1106FLXD2 | E79: GW2203-036 | F79: Shipping | G79: 83546985030-8 | I79: T523M | J79: =6600*3 | K79: 44880 | L79: L | M79: Viezo | N79: 44876 | O79: =IFERROR(INDEX(Settings!$AC$3:$AC$95,MATCH(Gateways_DynamoDB!$F79,Settings!$B$3:$B$95,0)),"")
A80: VIEZO | B80: =IFERROR(INDEX(Companies!$A$3:$A$101,MATCH(A80,Companies!$B$3:$B$101,0)),"") | C80: e00fce68172b579d69da4c4c | D80: P025AB0282NTYW5 | F80: Shipping | H80: 867648041673094 | I80: T523M | J80: 19800 | O80: =IFERROR(INDEX(Settings!$AC$3:$AC$95,MATCH(Gateways_DynamoDB!$F80,Settings!$B$3:$B$95,0)),"")
A81: RIOTINTO | B81: =IFERROR(INDEX(Companies!$A$3:$A$101,MATCH(A81,Companies!$B$3:$B$101,0)),"") | C81: e00fce682614ee3e8cb72bf7 | D81: P025AB0298J247S | E81: GW2203-030 | F81: Shipping | G81: BAH101 | K81: 45119 | O81: =IFERROR(INDEX(Settings!$AC$3:$AC$95,MATCH(Gateways_DynamoDB!$F81,Settings!$B$3:$B$95,0)),"")
B82: =IFERROR(INDEX(Companies!$A$3:$A$101,MATCH(A82,Companies!$B$3:$B$101,0)),"") | C82: e00fce68da2005332fa66220 | E82: was_GW2203-027 | F82: Shipping | O82: =IFERROR(INDEX(Settings!$AC$3:$AC$95,MATCH(Gateways_DynamoDB!$F82,Settings!$B$3:$B$95,0)),"")
A83: TANKWAGON | B83: =IFERROR(INDEX(Companies!$A$3:$A$101,MATCH(A83,Companies!$B$3:$B$101,0)),"") | C83: e00fce68f5d0919a5e85b0e1 | D83: P025AB029RLH9G2 | E83: GW2206-002 | F83: Slow-5-12h | G83: 33877916641-6 | H83: 867648041704816 | I83: T523M | O83: =IFERROR(INDEX(Settings!$AC$3:$AC$95,MATCH(Gateways_DynamoDB!$F83,Settings!$B$3:$B$95,0)),"")
A84: =IFERROR(INDEX(Gateways_MANU!$A$2:$A$4949,MATCH($E84,Gateways_MANU!$B$2:$B$4949,0)),"") | B84: =IFERROR(INDEX(Companies!$A$3:$A$101,MATCH(A84,Companies!$B$3:$B$101,0)),"") | C84: e00fce68c1bb0a51348cc912 | D84: P032AB114HV95WR | E84: GW2206-001 | F84: Shipping | G84: 83546985065-4 | H84: 867648042183010 | I84: T524M | J84: 19800 | K84: 44880 | L84: R | M84: Viezo | N84: 44876 | O84: =IFERROR(INDEX(Settings!$AC$3:$AC$95,MATCH(Gateways_DynamoDB!$F84,Settings!$B$3:$B$95,0)),"")
A85: =IFERROR(INDEX(Gateways_MANU!$A$2:$A$4949,MATCH($E85,Gateways_MANU!$B$2:$B$4949,0)),"") | B85: =IFERROR(INDEX(Companies!$A$3:$A$101,MATCH(A85,Companies!$B$3:$B$101,0)),"") | C85: e00fce6820a0d2c60d668f99 | D85: P025AB029AE6TFG | E85: GW2206-003 | F85: Shipping | G85: 83546985015-9 | H85: 867648041672476 | J85: =3*6600 | K85: 44880 | L85: L | M85: Viezo | N85: 44876 | O85: =IFERROR(INDEX(Settings!$AC$3:$AC$95,MATCH(Gateways_DynamoDB!$F85,Settings!$B$3:$B$95,0)),"")
A86: VIEZO | B86: =IFERROR(INDEX(Companies!$A$3:$A$101,MATCH(A86,Companies!$B$3:$B$101,0)),"") | C86: e00fce68df3207a81bb5ce80 | D86: P032AB1148RWV5F | E86: GW_MB_DEV | F86: Shipping | G86: WG_MB | H86: 867648042180172 | I86: T524M | O86: =IFERROR(INDEX(Settings!$AC$3:$AC$95,MATCH(Gateways_DynamoDB!$F86,Settings!$B$3:$B$95,0)),"")
A87: APPLUS | B87: 63f8c704bdabec000be0af78 | C87: e00fce686035cf92d6fea649 | D87: P025AB035TG7CXU | E87: APPLUS-GW-1 | F87: Shipping | I87: T523M | K87: 44983 | O87: =IFERROR(INDEX(Settings!$AC$3:$AC$95,MATCH(Gateways_DynamoDB!$F87,Settings!$B$3:$B$95,0)),"")
A88: RSA | B88: =IFERROR(INDEX(Companies!$A$3:$A$101,MATCH(A88,Companies!$B$3:$B$101,0)),"") | C88: e00fce68a7ae0421ed73d199 | D88: P025AB0299GV8LR | E88: GW2203-011 | F88: Shipping | H88: 867648041680529 | I88: T523M | J88: 26400 | O88: =IFERROR(INDEX(Settings!$AC$3:$AC$95,MATCH(Gateways_DynamoDB!$F88,Settings!$B$3:$B$95,0)),"")
A89: =IFERROR(INDEX(Gateways_MANU!$A$2:$A$4949,MATCH($E89,Gateways_MANU!$B$2:$B$4949,0)),"") | B89: =IFERROR(INDEX(Companies!$A$3:$A$101,MATCH(A89,Companies!$B$3:$B$101,0)),"") | C89: e00fce686b6f7c54a078f5c0 | E89: GW-AK1-1 | F89: Shipping | I89: T523M | N89: LTG-LINK | O89: =IFERROR(INDEX(Settings!$AC$3:$AC$95,MATCH(Gateways_DynamoDB!$F89,Settings!$B$3:$B$95,0)),"")
A90: =IFERROR(INDEX(Gateways_MANU!$A$2:$A$4949,MATCH($E90,Gateways_MANU!$B$2:$B$4949,0)),"") | B90: =IFERROR(INDEX(Companies!$A$3:$A$101,MATCH(A90,Companies!$B$3:$B$101,0)),"") | C90: e00fce68e8d7a1b35a2196dc | D90: P025AB02984BWPV | E90: GW2206-090 | F90: Shipping | G90: 83546985084-5 | H90: 867648041688605 | I90: T523M | J90: 19800 | K90: 44880 | L90: L | M90: Viezo | N90: 44876 | O90: =IFERROR(INDEX(Settings!$AC$3:$AC$95,MATCH(Gateways_DynamoDB!$F90,Settings!$B$3:$B$95,0)),"")
A91: =IFERROR(INDEX(Gateways_MANU!$A$2:$A$4949,MATCH($E91,Gateways_MANU!$B$2:$B$4949,0)),"") | B91: =IFERROR(INDEX(Companies!$A$3:$A$101,MATCH(A91,Companies!$B$3:$B$101,0)),"") | C91: e00fce680c2f23ac7f52de1d | D91: P025AB029SMFAUR | E91: Office-DEV-SOM-1 | F91: Shipping | H91: 867648041685304 | I91: T523M | O91: =IFERROR(INDEX(Settings!$AC$3:$AC$95,MATCH(Gateways_DynamoDB!$F91,Settings!$B$3:$B$95,0)),"")
A92: FERTAGUS | B92: =IFERROR(INDEX(Companies!$A$3:$A$101,MATCH(A92,Companies!$B$3:$B$101,0)),"") | C92: e00fce68a35fbd58b96dc1c7 | D92: P032AB114FC6K9Y | E92: GW2206-005 | F92: Shipping | G92: M3505 | H92: 867648042214351 | I92: T524M | K92: 45051 | N92: was PR_GW_DEV_RB | O92: =IFERROR(INDEX(Settings!$AC$3:$AC$95,MATCH(Gateways_DynamoDB!$F92,Settings!$B$3:$B$95,0)),"")
A93: =IFERROR(INDEX(Gateways_MANU!$A$2:$A$4949,MATCH($E93,Gateways_MANU!$B$2:$B$4949,0)),"") | B93: =IFERROR(INDEX(Companies!$A$3:$A$101,MATCH(A93,Companies!$B$3:$B$101,0)),"") | C93: e00fce684ba75e3379f1497f | D93: P032AD227EGFA73 | E93: DD-DEV-5_SOM_REPLACED | F93: Shipping | I93: T524 | O93: =IFERROR(INDEX(Settings!$AC$3:$AC$95,MATCH(Gateways_DynamoDB!$F93,Settings!$B$3:$B$95,0)),"")
A94: RENFE | B94: =IFERROR(INDEX(Companies!$A$3:$A$101,MATCH(A94,Companies!$B$3:$B$101,0)),"") | C94: e00fce68e2258d8e1934989d | D94: P032AD227NHLG6J | E94: GW2206-031 | F94: Shipping | G94: 527015 | I94: T524M | N94: was SOM_REPLACED_1. Renfe, returned on 2023 02 03 | O94: =IFERROR(INDEX(Settings!$AC$3:$AC$95,MATCH(Gateways_DynamoDB!$F94,Settings!$B$3:$B$95,0)),"")
A95: =IFERROR(INDEX(Gateways_MANU!$A$2:$A$4949,MATCH($E95,Gateways_MANU!$B$2:$B$4949,0)),"") | B95: =IFERROR(INDEX(Companies!$A$3:$A$101,MATCH(A95,Companies!$B$3:$B$101,0)),"") | C95: e00fce68959a0df5ce4d3210 | D95: P032AD227DG3FKN | E95: GW2206-065 | F95: Shipping | G95: 33854956673-9 | K95: 44918 | L95: L | M95: Hupac | N95: 44902 | O95: =IFERROR(INDEX(Settings!$AC$3:$AC$95,MATCH(Gateways_DynamoDB!$F95,Settings!$B$3:$B$95,0)),"")
A96: =IFERROR(INDEX(Gateways_MANU!$A$2:$A$4949,MATCH($E96,Gateways_MANU!$B$2:$B$4949,0)),"") | B96: =IFERROR(INDEX(Companies!$A$3:$A$101,MATCH(A96,Companies!$B$3:$B$101,0)),"") | C96: e00fce68356a0d95a11ba4b8 | D96: P032AD22736E8SY | E96: GW2206-033 | F96: Shipping | G96: 33854956699-4 | K96: 44910 | L96: L | M96: Viezo | N96: 44902 | O96: =IFERROR(INDEX(Settings!$AC$3:$AC$95,MATCH(Gateways_DynamoDB!$F96,Settings!$B$3:$B$95,0)),"")
A97: =IFERROR(INDEX(Gateways_MANU!$A$2:$A$4949,MATCH($E97,Gateways_MANU!$B$2:$B$4949,0)),"") | B97: =IFERROR(INDEX(Companies!$A$3:$A$101,MATCH(A97,Companies!$B$3:$B$101,0)),"") | C97: e00fce68e95bbc7e6081ee8d | D97: P032AD2276NATM9 | E97: GW2206-035 | F97: Shipping | G97: 33854506221-2 | K97: 44910 | L97: L | M97: Viezo | N97: 44902 | O97: =IFERROR(INDEX(Settings!$AC$3:$AC$95,MATCH(Gateways_DynamoDB!$F97,Settings!$B$3:$B$95,0)),"")
A98: RENFE | B98: =IFERROR(INDEX(Companies!$A$3:$A$101,MATCH(A98,Companies!$B$3:$B$101,0)),"") | C98: e00fce68da6ce9119a01624c | D98: P032AD227CNYKTL | E98: GW2203-009 | F98: Shipping | I98: T524 | N98: Dead, will be returned | O98: =IFERROR(INDEX(Settings!$AC$3:$AC$95,MATCH(Gateways_DynamoDB!$F98,Settings!$B$3:$B$95,0)),"")
A99: =IFERROR(INDEX(Gateways_MANU!$A$2:$A$4949,MATCH($E99,Gateways_MANU!$B$2:$B$4949,0)),"") | B99: =IFERROR(INDEX(Companies!$A$3:$A$101,MATCH(A99,Companies!$B$3:$B$101,0)),"") | C99: e00fce686ecf9241d556304c | D99: P032AD227B6NPEA | E99: GW2206-055 | F99: Shipping | G99: 33854575320-8 | K99: 44910 | L99: L | M99: Viezo | N99: 44902 | O99: =IFERROR(INDEX(Settings!$AC$3:$AC$95,MATCH(Gateways_DynamoDB!$F99,Settings!$B$3:$B$95,0)),"")
A100: =IFERROR(INDEX(Gateways_MANU!$A$2:$A$4949,MATCH($E100,Gateways_MANU!$B$2:$B$4949,0)),"") | B100: =IFERROR(INDEX(Companies!$A$3:$A$101,MATCH(A100,Companies!$B$3:$B$101,0)),"") | C100: e00fce68ab82cc1b2adc2414 | D100: P032AD2275B2DCP | E100: GW2206-078 | F100: Shipping | G100: 33854556814-3 | K100: 44918 | L100: L | M100: Hupac | N100: 44902 | O100: =IFERROR(INDEX(Settings!$AC$3:$AC$95,MATCH(Gateways_DynamoDB!$F100,Settings!$B$3:$B$95,0)),"")
...

Sheet Sensors_DynamoDB
A1: operator_name | B1: operator_id | C1: wagon_type | D1: mac_addr | E1: mac_addr_full | F1: installation_date | G1: installed_by | H1: sn | I1: harvester_id | J1: case_nr | K1: wagon_nr | L1: placement | M1: axle_nr | N1: note | O1: fw_version | P1: pcb_sn
A2: =IFERROR(_xlfn.IFNA(INDEX(Sensors_MANU!$E$2:$E$4692,MATCH($D2,Sensors_MANU!$B$2:$B$4692,0)),INDEX(Sensors_MANU!$E$2:$E$4692,MATCH($P2,Sensors_MANU!$A$2:$A$4692,0))),"") | B2: =IFERROR(INDEX(Companies!$A$3:$A$101,MATCH(A2,Companies!$B$3:$B$101,0)),"") | C2: Cargo | D2: EC5EDE1E5DAC | E2: =LEFT(D2,2)&":"&MID(D2,3,2)&":"&MID(D2,5,2)&":"&MID(D2,7,2)&":"&MID(D2,9,2)&":"&RIGHT(D2,2) | H2: 9BD0F696F03648E2 | I2: =IFERROR(_xlfn.IFNA(INDEX(Sensors_MANU!$C$2:$C$4692,MATCH($D2,Sensors_MANU!$B$2:$B$4692,0)),INDEX(Sensors_MANU!$C$2:$C$4692,MATCH($P2,Sensors_MANU!$A$2:$A$4692,0))),"") | J2: =IFERROR(_xlfn.IFNA(INDEX(Sensors_MANU!$D$2:$D$4692,MATCH($D2,Sensors_MANU!$B$2:$B$4692,0)),INDEX(Sensors_MANU!$D$2:$D$4692,MATCH($P2,Sensors_MANU!$A$2:$A$4692,0))),"") | N2: =IFERROR(INDEX(Sensors_MANU!$G$2:$G$4692,MATCH($P2,Sensors_MANU!$A$2:$A$4692,0)),) | O2: v15 | P2: 4978893
A3: =IFERROR(_xlfn.IFNA(INDEX(Sensors_MANU!$E$2:$E$4692,MATCH($D3,Sensors_MANU!$B$2:$B$4692,0)),INDEX(Sensors_MANU!$E$2:$E$4692,MATCH($P3,Sensors_MANU!$A$2:$A$4692,0))),"") | B3: =IFERROR(INDEX(Companies!$A$3:$A$101,MATCH(A3,Companies!$B$3:$B$101,0)),"") | C3: cargo | D3: F5E6900F2468 | E3: =LEFT(D3,2)&":"&MID(D3,3,2)&":"&MID(D3,5,2)&":"&MID(D3,7,2)&":"&MID(D3,9,2)&":"&RIGHT(D3,2) | H3: 6A15C584C8CFC67E | I3: =IFERROR(_xlfn.IFNA(INDEX(Sensors_MANU!$C$2:$C$4692,MATCH($D3,Sensors_MANU!$B$2:$B$4692,0)),INDEX(Sensors_MANU!$C$2:$C$4692,MATCH($P3,Sensors_MANU!$A$2:$A$4692,0))),"") | J3: =IFERROR(_xlfn.IFNA(INDEX(Sensors_MANU!$D$2:$D$4692,MATCH($D3,Sensors_MANU!$B$2:$B$4692,0)),INDEX(Sensors_MANU!$D$2:$D$4692,MATCH($P3,Sensors_MANU!$A$2:$A$4692,0))),"") | N3: =IFERROR(INDEX(Sensors_MANU!$G$2:$G$4692,MATCH($P3,Sensors_MANU!$A$2:$A$4692,0)),) | O3: v15 | P3: 4978559
A4: =IFERROR(_xlfn.IFNA(INDEX(Sensors_MANU!$E$2:$E$4692,MATCH($D4,Sensors_MANU!$B$2:$B$4692,0)),INDEX(Sensors_MANU!$E$2:$E$4692,MATCH($P4,Sensors_MANU!$A$2:$A$4692,0))),"") | B4: =IFERROR(INDEX(Companies!$A$3:$A$101,MATCH(A4,Companies!$B$3:$B$101,0)),"") | C4: =IFERROR(_xlfn.IFNA(INDEX(Sensors_MANU!$F$2:$F$4692,MATCH($D4,Sensors_MANU!$B$2:$B$4692,0)),INDEX(Sensors_MANU!$F$2:$F$4692,MATCH($P4,Sensors_MANU!$A$2:$A$4692,0))),"") | D4: CCBE92DDADA2 | E4: =LEFT(D4,2)&":"&MID(D4,3,2)&":"&MID(D4,5,2)&":"&MID(D4,7,2)&":"&MID(D4,9,2)&":"&RIGHT(D4,2) | H4: 3104D52E64F6BC42 | I4: =IFERROR(_xlfn.IFNA(INDEX(Sensors_MANU!$C$2:$C$4692,MATCH($D4,Sensors_MANU!$B$2:$B$4692,0)),INDEX(Sensors_MANU!$C$2:$C$4692,MATCH($P4,Sensors_MANU!$A$2:$A$4692,0))),"") | J4: =IFERROR(_xlfn.IFNA(INDEX(Sensors_MANU!$D$2:$D$4692,MATCH($D4,Sensors_MANU!$B$2:$B$4692,0)),INDEX(Sensors_MANU!$D$2:$D$4692,MATCH($P4,Sensors_MANU!$A$2:$A$4692,0))),"") | N4: =IFERROR(INDEX(Sensors_MANU!$G$2:$G$4692,MATCH($P4,Sensors_MANU!$A$2:$A$4692,0)),) | O4: v16 | P4: 4978760
A5: =IFERROR(_xlfn.IFNA(INDEX(Sensors_MANU!$E$2:$E$4692,MATCH($D5,Sensors_MANU!$B$2:$B$4692,0)),INDEX(Sensors_MANU!$E$2:$E$4692,MATCH($P5,Sensors_MANU!$A$2:$A$4692,0))),"") | B5: =IFERROR(INDEX(Companies!$A$3:$A$101,MATCH(A5,Companies!$B$3:$B$101,0)),"") | C5: =IFERROR(_xlfn.IFNA(INDEX(Sensors_MANU!$F$2:$F$4692,MATCH($D5,Sensors_MANU!$B$2:$B$4692,0)),INDEX(Sensors_MANU!$F$2:$F$4692,MATCH($P5,Sensors_MANU!$A$2:$A$4692,0))),"") | D5: EBDBAF70D5EB | E5: =LEFT(D5,2)&":"&MID(D5,3,2)&":"&MID(D5,5,2)&":"&MID(D5,7,2)&":"&MID(D5,9,2)&":"&RIGHT(D5,2) | H5: A77AFEC1B85B62CA | I5: =IFERROR(_xlfn.IFNA(INDEX(Sensors_MANU!$C$2:$C$4692,MATCH($D5,Sensors_MANU!$B$2:$B$4692,0)),INDEX(Sensors_MANU!$C$2:$C$4692,MATCH($P5,Sensors_MANU!$A$2:$A$4692,0))),"") | J5: =IFERROR(_xlfn.IFNA(INDEX(Sensors_MANU!$D$2:$D$4692,MATCH($D5,Sensors_MANU!$B$2:$B$4692,0)),INDEX(Sensors_MANU!$D$2:$D$4692,MATCH($P5,Sensors_MANU!$A$2:$A$4692,0))),"") | N5: =IFERROR(INDEX(Sensors_MANU!$G$2:$G$4692,MATCH($P5,Sensors_MANU!$A$2:$A$4692,0)),) | O5: v16 | P5: 4978894
A6: =IFERROR(_xlfn.IFNA(INDEX(Sensors_MANU!$E$2:$E$4692,MATCH($D6,Sensors_MANU!$B$2:$B$4692,0)),INDEX(Sensors_MANU!$E$2:$E$4692,MATCH($P6,Sensors_MANU!$A$2:$A$4692,0))),"") | B6: =IFERROR(INDEX(Companies!$A$3:$A$101,MATCH(A6,Companies!$B$3:$B$101,0)),"") | C6: =IFERROR(_xlfn.IFNA(INDEX(Sensors_MANU!$F$2:$F$4692,MATCH($D6,Sensors_MANU!$B$2:$B$4692,0)),INDEX(Sensors_MANU!$F$2:$F$4692,MATCH($P6,Sensors_MANU!$A$2:$A$4692,0))),"") | D6: CF346653DE8F | E6: =LEFT(D6,2)&":"&MID(D6,3,2)&":"&MID(D6,5,2)&":"&MID(D6,7,2)&":"&MID(D6,9,2)&":"&RIGHT(D6,2) | H6: B51ED4D08EDB68DC | I6: =IFERROR(_xlfn.IFNA(INDEX(Sensors_MANU!$C$2:$C$4692,MATCH($D6,Sensors_MANU!$B$2:$B$4692,0)),INDEX(Sensors_MANU!$C$2:$C$4692,MATCH($P6,Sensors_MANU!$A$2:$A$4692,0))),"") | J6: =IFERROR(_xlfn.IFNA(INDEX(Sensors_MANU!$D$2:$D$4692,MATCH($D6,Sensors_MANU!$B$2:$B$4692,0)),INDEX(Sensors_MANU!$D$2:$D$4692,MATCH($P6,Sensors_MANU!$A$2:$A$4692,0))),"") | N6: =IFERROR(INDEX(Sensors_MANU!$G$2:$G$4692,MATCH($P6,Sensors_MANU!$A$2:$A$4692,0)),) | O6: v16 | P6: 4978736
A7: =IFERROR(_xlfn.IFNA(INDEX(Sensors_MANU!$E$2:$E$4692,MATCH($D7,Sensors_MANU!$B$2:$B$4692,0)),INDEX(Sensors_MANU!$E$2:$E$4692,MATCH($P7,Sensors_MANU!$A$2:$A$4692,0))),"") | B7: =IFERROR(INDEX(Companies!$A$3:$A$101,MATCH(A7,Companies!$B$3:$B$101,0)),"") | C7: =IFERROR(_xlfn.IFNA(INDEX(Sensors_MANU!$F$2:$F$4692,MATCH($D7,Sensors_MANU!$B$2:$B$4692,0)),INDEX(Sensors_MANU!$F$2:$F$4692,MATCH($P7,Sensors_MANU!$A$2:$A$4692,0))),"") | D7: C14457685970 | E7: =LEFT(D7,2)&":"&MID(D7,3,2)&":"&MID(D7,5,2)&":"&MID(D7,7,2)&":"&MID(D7,9,2)&":"&RIGHT(D7,2) | H7: 44C642BFEA2ABC0F | I7: =IFERROR(_xlfn.IFNA(INDEX(Sensors_MANU!$C$2:$C$4692,MATCH($D7,Sensors_MANU!$B$2:$B$4692,0)),INDEX(Sensors_MANU!$C$2:$C$4692,MATCH($P7,Sensors_MANU!$A$2:$A$4692,0))),"") | J7: =IFERROR(_xlfn.IFNA(INDEX(Sensors_MANU!$D$2:$D$4692,MATCH($D7,Sensors_MANU!$B$2:$B$4692,0)),INDEX(Sensors_MANU!$D$2:$D$4692,MATCH($P7,Sensors_MANU!$A$2:$A$4692,0))),"") | N7: =IFERROR(INDEX(Sensors_MANU!$G$2:$G$4692,MATCH($P7,Sensors_MANU!$A$2:$A$4692,0)),) | O7: v16 | P7: 4978852
A8: =IFERROR(_xlfn.IFNA(INDEX(Sensors_MANU!$E$2:$E$4692,MATCH($D8,Sensors_MANU!$B$2:$B$4692,0)),INDEX(Sensors_MANU!$E$2:$E$4692,MATCH($P8,Sensors_MANU!$A$2:$A$4692,0))),"") | B8: =IFERROR(INDEX(Companies!$A$3:$A$101,MATCH(A8,Companies!$B$3:$B$101,0)),"") | C8: cargo | D8: E52691E7E135 | E8: =LEFT(D8,2)&":"&MID(D8,3,2)&":"&MID(D8,5,2)&":"&MID(D8,7,2)&":"&MID(D8,9,2)&":"&RIGHT(D8,2) | H8: 4DAFD62AFA537A1A | I8: =IFERROR(_xlfn.IFNA(INDEX(Sensors_MANU!$C$2:$C$4692,MATCH($D8,Sensors_MANU!$B$2:$B$4692,0)),INDEX(Sensors_MANU!$C$2:$C$4692,MATCH($P8,Sensors_MANU!$A$2:$A$4692,0))),"") | J8: =IFERROR(_xlfn.IFNA(INDEX(Sensors_MANU!$D$2:$D$4692,MATCH($D8,Sensors_MANU!$B$2:$B$4692,0)),INDEX(Sensors_MANU!$D$2:$D$4692,MATCH($P8,Sensors_MANU!$A$2:$A$4692,0))),"") | N8: =IFERROR(INDEX(Sensors_MANU!$G$2:$G$4692,MATCH($P8,Sensors_MANU!$A$2:$A$4692,0)),) | O8: v17 | P8: 4978898
A9: =IFERROR(_xlfn.IFNA(INDEX(Sensors_MANU!$E$2:$E$4692,MATCH($D9,Sensors_MANU!$B$2:$B$4692,0)),INDEX(Sensors_MANU!$E$2:$E$4692,MATCH($P9,Sensors_MANU!$A$2:$A$4692,0))),"") | B9: =IFERROR(INDEX(Companies!$A$3:$A$101,MATCH(A9,Companies!$B$3:$B$101,0)),"") | C9: =IFERROR(_xlfn.IFNA(INDEX(Sensors_MANU!$F$2:$F$4692,MATCH($D9,Sensors_MANU!$B$2:$B$4692,0)),INDEX(Sensors_MANU!$F$2:$F$4692,MATCH($P9,Sensors_MANU!$A$2:$A$4692,0))),"") | D9: C2E36726A269 | E9: =LEFT(D9,2)&":"&MID(D9,3,2)&":"&MID(D9,5,2)&":"&MID(D9,7,2)&":"&MID(D9,9,2)&":"&RIGHT(D9,2) | H9: 0FEFDF4A53CF11E7 | I9: =IFERROR(_xlfn.IFNA(INDEX(Sensors_MANU!$C$2:$C$4692,MATCH($D9,Sensors_MANU!$B$2:$B$4692,0)),INDEX(Sensors_MANU!$C$2:$C$4692,MATCH($P9,Sensors_MANU!$A$2:$A$4692,0))),"") | J9: =IFERROR(_xlfn.IFNA(INDEX(Sensors_MANU!$D$2:$D$4692,MATCH($D9,Sensors_MANU!$B$2:$B$4692,0)),INDEX(Sensors_MANU!$D$2:$D$4692,MATCH($P9,Sensors_MANU!$A$2:$A$4692,0))),"") | N9: =IFERROR(INDEX(Sensors_MANU!$G$2:$G$4692,MATCH($P9,Sensors_MANU!$A$2:$A$4692,0)),) | O9: v16 | P9: 4978458
A10: =IFERROR(_xlfn.IFNA(INDEX(Sensors_MANU!$E$2:$E$4692,MATCH($D10,Sensors_MANU!$B$2:$B$4692,0)),INDEX(Sensors_MANU!$E$2:$E$4692,MATCH($P10,Sensors_MANU!$A$2:$A$4692,0))),"") | B10: =IFERROR(INDEX(Companies!$A$3:$A$101,MATCH(A10,Companies!$B$3:$B$101,0)),"") | C10: =IFERROR(_xlfn.IFNA(INDEX(Sensors_MANU!$F$2:$F$4692,MATCH($D10,Sensors_MANU!$B$2:$B$4692,0)),INDEX(Sensors_MANU!$F$2:$F$4692,MATCH($P10,Sensors_MANU!$A$2:$A$4692,0))),"") | D10: F63EB7585D0D | E10: =LEFT(D10,2)&":"&MID(D10,3,2)&":"&MID(D10,5,2)&":"&MID(D10,7,2)&":"&MID(D10,9,2)&":"&RIGHT(D10,2) | H10: 08120EAEC72814BB | I10: =IFERROR(_xlfn.IFNA(INDEX(Sensors_MANU!$C$2:$C$4692,MATCH($D10,Sensors_MANU!$B$2:$B$4692,0)),INDEX(Sensors_MANU!$C$2:$C$4692,MATCH($P10,Sensors_MANU!$A$2:$A$4692,0))),"") | J10: =IFERROR(_xlfn.IFNA(INDEX(Sensors_MANU!$D$2:$D$4692,MATCH($D10,Sensors_MANU!$B$2:$B$4692,0)),INDEX(Sensors_MANU!$D$2:$D$4692,MATCH($P10,Sensors_MANU!$A$2:$A$4692,0))),"") | N10: =IFERROR(INDEX(Sensors_MANU!$G$2:$G$4692,MATCH($P10,Sensors_MANU!$A$2:$A$4692,0)),) | O10: v16 | P10: 4978427
A11: =IFERROR(_xlfn.IFNA(INDEX(Sensors_MANU!$E$2:$E$4692,MATCH($D11,Sensors_MANU!$B$2:$B$4692,0)),INDEX(Sensors_MANU!$E$2:$E$4692,MATCH($P11,Sensors_MANU!$A$2:$A$4692,0))),"") | B11: =IFERROR(INDEX(Companies!$A$3:$A$101,MATCH(A11,Companies!$B$3:$B$101,0)),"") | C11: =IFERROR(_xlfn.IFNA(INDEX(Sensors_MANU!$F$2:$F$4692,MATCH($D11,Sensors_MANU!$B$2:$B$4692,0)),INDEX(Sensors_MANU!$F$2:$F$4692,MATCH($P11,Sensors_MANU!$A$2:$A$4692,0))),"") | D11: CE2347DA87C2 | E11: =LEFT(D11,2)&":"&MID(D11,3,2)&":"&MID(D11,5,2)&":"&MID(D11,7,2)&":"&MID(D11,9,2)&":"&RIGHT(D11,2) | H11: 617AAC9DE1DE16E0 | I11: =IFERROR(_xlfn.IFNA(INDEX(Sensors_MANU!$C$2:$C$4692,MATCH($D11,Sensors_MANU!$B$2:$B$4692,0)),INDEX(Sensors_MANU!$C$2:$C$4692,MATCH($P11,Sensors_MANU!$A$2:$A$4692,0))),"") | J11: =IFERROR(_xlfn.IFNA(INDEX(Sensors_MANU!$D$2:$D$4692,MATCH($D11,Sensors_MANU!$B$2:$B$4692,0)),INDEX(Sensors_MANU!$D$2:$D$4692,MATCH($P11,Sensors_MANU!$A$2:$A$4692,0))),"") | N11: =IFERROR(INDEX(Sensors_MANU!$G$2:$G$4692,MATCH($P11,Sensors_MANU!$A$2:$A$4692,0)),) | O11: v16 | P11: 4978434
A12: =IFERROR(_xlfn.IFNA(INDEX(Sensors_MANU!$E$2:$E$4692,MATCH($D12,Sensors_MANU!$B$2:$B$4692,0)),INDEX(Sensors_MANU!$E$2:$E$4692,MATCH($P12,Sensors_MANU!$A$2:$A$4692,0))),"") | B12: =IFERROR(INDEX(Companies!$A$3:$A$101,MATCH(A12,Companies!$B$3:$B$101,0)),"") | C12: =IFERROR(_xlfn.IFNA(INDEX(Sensors_MANU!$F$2:$F$4692,MATCH($D12,Sensors_MANU!$B$2:$B$4692,0)),INDEX(Sensors_MANU!$F$2:$F$4692,MATCH($P12,Sensors_MANU!$A$2:$A$4692,0))),"") | D12: E090C924055C | E12: =LEFT(D12,2)&":"&MID(D12,3,2)&":"&MID(D12,5,2)&":"&MID(D12,7,2)&":"&MID(D12,9,2)&":"&RIGHT(D12,2) | H12: 29B29DC69DC3E110 | I12: =IFERROR(_xlfn.IFNA(INDEX(Sensors_MANU!$C$2:$C$4692,MATCH($D12,Sensors_MANU!$B$2:$B$4692,0)),INDEX(Sensors_MANU!$C$2:$C$4692,MATCH($P12,Sensors_MANU!$A$2:$A$4692,0))),"") | J12: =IFERROR(_xlfn.IFNA(INDEX(Sensors_MANU!$D$2:$D$4692,MATCH($D12,Sensors_MANU!$B$2:$B$4692,0)),INDEX(Sensors_MANU!$D$2:$D$4692,MATCH($P12,Sensors_MANU!$A$2:$A$4692,0))),"") | N12: =IFERROR(INDEX(Sensors_MANU!$G$2:$G$4692,MATCH($P12,Sensors_MANU!$A$2:$A$4692,0)),) | O12: v16 | P12: 4978463
A13: =IFERROR(_xlfn.IFNA(INDEX(Sensors_MANU!$E$2:$E$4692,MATCH($D13,Sensors_MANU!$B$2:$B$4692,0)),INDEX(Sensors_MANU!$E$2:$E$4692,MATCH($P13,Sensors_MANU!$A$2:$A$4692,0))),"") | B13: =IFERROR(INDEX(Companies!$A$3:$A$101,MATCH(A13,Companies!$B$3:$B$101,0)),"") | C13: =IFERROR(_xlfn.IFNA(INDEX(Sensors_MANU!$F$2:$F$4692,MATCH($D13,Sensors_MANU!$B$2:$B$4692,0)),INDEX(Sensors_MANU!$F$2:$F$4692,MATCH($P13,Sensors_MANU!$A$2:$A$4692,0))),"") | D13: D6D2AF577A5F | E13: =LEFT(D13,2)&":"&MID(D13,3,2)&":"&MID(D13,5,2)&":"&MID(D13,7,2)&":"&MID(D13,9,2)&":"&RIGHT(D13,2) | H13: A7B964273F9D1E7F | I13: =IFERROR(_xlfn.IFNA(INDEX(Sensors_MANU!$C$2:$C$4692,MATCH($D13,Sensors_MANU!$B$2:$B$4692,0)),INDEX(Sensors_MANU!$C$2:$C$4692,MATCH($P13,Sensors_MANU!$A$2:$A$4692,0))),"") | J13: =IFERROR(_xlfn.IFNA(INDEX(Sensors_MANU!$D$2:$D$4692,MATCH($D13,Sensors_MANU!$B$2:$B$4692,0)),INDEX(Sensors_MANU!$D$2:$D$4692,MATCH($P13,Sensors_MANU!$A$2:$A$4692,0))),"") | N13: =IFERROR(INDEX(Sensors_MANU!$G$2:$G$4692,MATCH($P13,Sensors_MANU!$A$2:$A$4692,0)),) | O13: v16 | P13: 4978426
A14: =IFERROR(_xlfn.IFNA(INDEX(Sensors_MANU!$E$2:$E$4692,MATCH($D14,Sensors_MANU!$B$2:$B$4692,0)),INDEX(Sensors_MANU!$E$2:$E$4692,MATCH($P14,Sensors_MANU!$A$2:$A$4692,0))),"") | B14: =IFERROR(INDEX(Companies!$A$3:$A$101,MATCH(A14,Companies!$B$3:$B$101,0)),"") | C14: =IFERROR(_xlfn.IFNA(INDEX(Sensors_MANU!$F$2:$F$4692,MATCH($D14,Sensors_MANU!$B$2:$B$4692,0)),INDEX(Sensors_MANU!$F$2:$F$4692,MATCH($P14,Sensors_MANU!$A$2:$A$4692,0))),"") | D14: F51EBDF99D9C | E14: =LEFT(D14,2)&":"&MID(D14,3,2)&":"&MID(D14,5,2)&":"&MID(D14,7,2)&":"&MID(D14,9,2)&":"&RIGHT(D14,2) | H14: 451627EFB4767859 | I14: =IFERROR(_xlfn.IFNA(INDEX(Sensors_MANU!$C$2:$C$4692,MATCH($D14,Sensors_MANU!$B$2:$B$4692,0)),INDEX(Sensors_MANU!$C$2:$C$4692,MATCH($P14,Sensors_MANU!$A$2:$A$4692,0))),"") | J14: =IFERROR(_xlfn.IFNA(INDEX(Sensors_MANU!$D$2:$D$4692,MATCH($D14,Sensors_MANU!$B$2:$B$4692,0)),INDEX(Sensors_MANU!$D$2:$D$4692,MATCH($P14,Sensors_MANU!$A$2:$A$4692,0))),"") | N14: can be 410 | O14: v16 | P14: 4978885-1
A15: LTG | B15: =IFERROR(INDEX(Companies!$A$3:$A$101,MATCH(A15,Companies!$B$3:$B$101,0)),"") | C15: cargo | D15: CA47C040C433 | E15: =LEFT(D15,2)&":"&MID(D15,3,2)&":"&MID(D15,5,2)&":"&MID(D15,7,2)&":"&MID(D15,9,2)&":"&RIGHT(D15,2) | H15: 3195A8F0F36AE326 | J15: =IFERROR(_xlfn.IFNA(INDEX(Sensors_MANU!$D$2:$D$4692,MATCH($D15,Sensors_MANU!$B$2:$B$4692,0)),INDEX(Sensors_MANU!$D$2:$D$4692,MATCH($P15,Sensors_MANU!$A$2:$A$4692,0))),"") | N15: =IFERROR(INDEX(Sensors_MANU!$G$2:$G$4692,MATCH($P15,Sensors_MANU!$A$2:$A$4692,0)),) | O15: v14
A16: LTG | B16: =IFERROR(INDEX(Companies!$A$3:$A$101,MATCH(A16,Companies!$B$3:$B$101,0)),"") | C16: cargo | D16: C08CFD293A0B | E16: =LEFT(D16,2)&":"&MID(D16,3,2)&":"&MID(D16,5,2)&":"&MID(D16,7,2)&":"&MID(D16,9,2)&":"&RIGHT(D16,2) | H16: B1D7F63C53732A72 | J16: =IFERROR(_xlfn.IFNA(INDEX(Sensors_MANU!$D$2:$D$4692,MATCH($D16,Sensors_MANU!$B$2:$B$4692,0)),INDEX(Sensors_MANU!$D$2:$D$4692,MATCH($P16,Sensors_MANU!$A$2:$A$4692,0))),"") | N16: =IFERROR(INDEX(Sensors_MANU!$G$2:$G$4692,MATCH($P16,Sensors_MANU!$A$2:$A$4692,0)),) | O16: v14
A17: LTG | B17: =IFERROR(INDEX(Companies!$A$3:$A$101,MATCH(A17,Companies!$B$3:$B$101,0)),"") | C17: cargo | D17: EF9AFE3E365F | E17: =LEFT(D17,2)&":"&MID(D17,3,2)&":"&MID(D17,5,2)&":"&MID(D17,7,2)&":"&MID(D17,9,2)&":"&RIGHT(D17,2) | H17: F4E2E2C6AA67ABB4 | J17: =IFERROR(_xlfn.IFNA(INDEX(Sensors_MANU!$D$2:$D$4692,MATCH($D17,Sensors_MANU!$B$2:$B$4692,0)),INDEX(Sensors_MANU!$D$2:$D$4692,MATCH($P17,Sensors_MANU!$A$2:$A$4692,0))),"") | N17: =IFERROR(INDEX(Sensors_MANU!$G$2:$G$4692,MATCH($P17,Sensors_MANU!$A$2:$A$4692,0)),) | O17: v14
A18: LTG | B18: =IFERROR(INDEX(Companies!$A$3:$A$101,MATCH(A18,Companies!$B$3:$B$101,0)),"") | C18: cargo | D18: E36493AD4D8A | E18: =LEFT(D18,2)&":"&MID(D18,3,2)&":"&MID(D18,5,2)&":"&MID(D18,7,2)&":"&MID(D18,9,2)&":"&RIGHT(D18,2) | H18: 796068D2E9ADC10E | J18: =IFERROR(_xlfn.IFNA(INDEX(Sensors_MANU!$D$2:$D$4692,MATCH($D18,Sensors_MANU!$B$2:$B$4692,0)),INDEX(Sensors_MANU!$D$2:$D$4692,MATCH($P18,Sensors_MANU!$A$2:$A$4692,0))),"") | N18: =IFERROR(INDEX(Sensors_MANU!$G$2:$G$4692,MATCH($P18,Sensors_MANU!$A$2:$A$4692,0)),) | O18: v14
A19: LTG | B19: =IFERROR(INDEX(Companies!$A$3:$A$101,MATCH(A19,Companies!$B$3:$B$101,0)),"") | C19: cargo | D19: DF84A361C71F | E19: =LEFT(D19,2)&":"&MID(D19,3,2)&":"&MID(D19,5,2)&":"&MID(D19,7,2)&":"&MID(D19,9,2)&":"&RIGHT(D19,2) | H19: 44FE153166EE19D3 | J19: =IFERROR(_xlfn.IFNA(INDEX(Sensors_MANU!$D$2:$D$4692,MATCH($D19,Sensors_MANU!$B$2:$B$4692,0)),INDEX(Sensors_MANU!$D$2:$D$4692,MATCH($P19,Sensors_MANU!$A$2:$A$4692,0))),"") | N19: =IFERROR(INDEX(Sensors_MANU!$G$2:$G$4692,MATCH($P19,Sensors_MANU!$A$2:$A$4692,0)),) | O19: v14
A20: LTG | B20: =IFERROR(INDEX(Companies!$A$3:$A$101,MATCH(A20,Companies!$B$3:$B$101,0)),"") | C20: cargo | D20: C9FADA90E01A | E20: =LEFT(D20,2)&":"&MID(D20,3,2)&":"&MID(D20,5,2)&":"&MID(D20,7,2)&":"&MID(D20,9,2)&":"&RIGHT(D20,2) | H20: FA55DC7FE24221A5 | J20: =IFERROR(_xlfn.IFNA(INDEX(Sensors_MANU!$D$2:$D$4692,MATCH($D20,Sensors_MANU!$B$2:$B$4692,0)),INDEX(Sensors_MANU!$D$2:$D$4692,MATCH($P20,Sensors_MANU!$A$2:$A$4692,0))),"") | N20: =IFERROR(INDEX(Sensors_MANU!$G$2:$G$4692,MATCH($P20,Sensors_MANU!$A$2:$A$4692,0)),) | O20: v14
A21: LTG | B21: =IFERROR(INDEX(Companies!$A$3:$A$101,MATCH(A21,Companies!$B$3:$B$101,0)),"") | C21: cargo | D21: FED5B1121159 | E21: =LEFT(D21,2)&":"&MID(D21,3,2)&":"&MID(D21,5,2)&":"&MID(D21,7,2)&":"&MID(D21,9,2)&":"&RIGHT(D21,2) | H21: 3D56D82F3CE320DC | J21: =IFERROR(_xlfn.IFNA(INDEX(Sensors_MANU!$D$2:$D$4692,MATCH($D21,Sensors_MANU!$B$2:$B$4692,0)),INDEX(Sensors_MANU!$D$2:$D$4692,MATCH($P21,Sensors_MANU!$A$2:$A$4692,0))),"") | N21: =IFERROR(INDEX(Sensors_MANU!$G$2:$G$4692,MATCH($P21,Sensors_MANU!$A$2:$A$4692,0)),) | O21: v14
A22: LTG | B22: =IFERROR(INDEX(Companies!$A$3:$A$101,MATCH(A22,Companies!$B$3:$B$101,0)),"") | C22: cargo | D22: F4A0AC714AF7 | E22: =LEFT(D22,2)&":"&MID(D22,3,2)&":"&MID(D22,5,2)&":"&MID(D22,7,2)&":"&MID(D22,9,2)&":"&RIGHT(D22,2) | H22: 1E21F89A9486812F | J22: =IFERROR(_xlfn.IFNA(INDEX(Sensors_MANU!$D$2:$D$4692,MATCH($D22,Sensors_MANU!$B$2:$B$4692,0)),INDEX(Sensors_MANU!$D$2:$D$4692,MATCH($P22,Sensors_MANU!$A$2:$A$4692,0))),"") | N22: =IFERROR(INDEX(Sensors_MANU!$G$2:$G$4692,MATCH($P22,Sensors_MANU!$A$2:$A$4692,0)),) | O22: v14
A23: =IFERROR(_xlfn.IFNA(INDEX(Sensors_MANU!$E$2:$E$4692,MATCH($D23,Sensors_MANU!$B$2:$B$4692,0)),INDEX(Sensors_MANU!$E$2:$E$4692,MATCH($P23,Sensors_MANU!$A$2:$A$4692,0))),"") | B23: =IFERROR(INDEX(Companies!$A$3:$A$101,MATCH(A23,Companies!$B$3:$B$101,0)),"") | C23: =IFERROR(_xlfn.IFNA(INDEX(Sensors_MANU!$F$2:$F$4692,MATCH($D23,Sensors_MANU!$B$2:$B$4692,0)),INDEX(Sensors_MANU!$F$2:$F$4692,MATCH($P23,Sensors_MANU!$A$2:$A$4692,0))),"") | D23: DF5840FDF698 | E23: =LEFT(D23,2)&":"&MID(D23,3,2)&":"&MID(D23,5,2)&":"&MID(D23,7,2)&":"&MID(D23,9,2)&":"&RIGHT(D23,2) | H23: C56ABA8666D8307F | I23: =IFERROR(_xlfn.IFNA(INDEX(Sensors_MANU!$C$2:$C$4692,MATCH($D23,Sensors_MANU!$B$2:$B$4692,0)),INDEX(Sensors_MANU!$C$2:$C$4692,MATCH($P23,Sensors_MANU!$A$2:$A$4692,0))),"") | J23: =IFERROR(_xlfn.IFNA(INDEX(Sensors_MANU!$D$2:$D$4692,MATCH($D23,Sensors_MANU!$B$2:$B$4692,0)),INDEX(Sensors_MANU!$D$2:$D$4692,MATCH($P23,Sensors_MANU!$A$2:$A$4692,0))),"") | N23: Not in Pacific (in Viezo office) | O23: v16 | P23: 4978662
A24: =IFERROR(_xlfn.IFNA(INDEX(Sensors_MANU!$E$2:$E$4692,MATCH($D24,Sensors_MANU!$B$2:$B$4692,0)),INDEX(Sensors_MANU!$E$2:$E$4692,MATCH($P24,Sensors_MANU!$A$2:$A$4692,0))),"") | B24: =IFERROR(INDEX(Companies!$A$3:$A$101,MATCH(A24,Companies!$B$3:$B$101,0)),"") | C24: =IFERROR(_xlfn.IFNA(INDEX(Sensors_MANU!$F$2:$F$4692,MATCH($D24,Sensors_MANU!$B$2:$B$4692,0)),INDEX(Sensors_MANU!$F$2:$F$4692,MATCH($P24,Sensors_MANU!$A$2:$A$4692,0))),"") | D24: C22B286A9D62 | E24: =LEFT(D24,2)&":"&MID(D24,3,2)&":"&MID(D24,5,2)&":"&MID(D24,7,2)&":"&MID(D24,9,2)&":"&RIGHT(D24,2) | H24: 2B0BFB663293135A | I24: =IFERROR(_xlfn.IFNA(INDEX(Sensors_MANU!$C$2:$C$4692,MATCH($D24,Sensors_MANU!$B$2:$B$4692,0)),INDEX(Sensors_MANU!$C$2:$C$4692,MATCH($P24,Sensors_MANU!$A$2:$A$4692,0))),"") | J24: =IFERROR(_xlfn.IFNA(INDEX(Sensors_MANU!$D$2:$D$4692,MATCH($D24,Sensors_MANU!$B$2:$B$4692,0)),INDEX(Sensors_MANU!$D$2:$D$4692,MATCH($P24,Sensors_MANU!$A$2:$A$4692,0))),"") | N24: =IFERROR(INDEX(Sensors_MANU!$G$2:$G$4692,MATCH($P24,Sensors_MANU!$A$2:$A$4692,0)),) | O24: v17 | P24: 4978664
A25: =IFERROR(_xlfn.IFNA(INDEX(Sensors_MANU!$E$2:$E$4692,MATCH($D25,Sensors_MANU!$B$2:$B$4692,0)),INDEX(Sensors_MANU!$E$2:$E$4692,MATCH($P25,Sensors_MANU!$A$2:$A$4692,0))),"") | B25: =IFERROR(INDEX(Companies!$A$3:$A$101,MATCH(A25,Companies!$B$3:$B$101,0)),"") | C25: =IFERROR(_xlfn.IFNA(INDEX(Sensors_MANU!$F$2:$F$4692,MATCH($D25,Sensors_MANU!$B$2:$B$4692,0)),INDEX(Sensors_MANU!$F$2:$F$4692,MATCH($P25,Sensors_MANU!$A$2:$A$4692,0))),"") | D25: C6CE395D9E33 | E25: =LEFT(D25,2)&":"&MID(D25,3,2)&":"&MID(D25,5,2)&":"&MID(D25,7,2)&":"&MID(D25,9,2)&":"&RIGHT(D25,2) | H25: 7FB52187268620B1 | I25: =IFERROR(_xlfn.IFNA(INDEX(Sensors_MANU!$C$2:$C$4692,MATCH($D25,Sensors_MANU!$B$2:$B$4692,0)),INDEX(Sensors_MANU!$C$2:$C$4692,MATCH($P25,Sensors_MANU!$A$2:$A$4692,0))),"") | J25: =IFERROR(_xlfn.IFNA(INDEX(Sensors_MANU!$D$2:$D$4692,MATCH($D25,Sensors_MANU!$B$2:$B$4692,0)),INDEX(Sensors_MANU!$D$2:$D$4692,MATCH($P25,Sensors_MANU!$A$2:$A$4692,0))),"") | N25: =IFERROR(INDEX(Sensors_MANU!$G$2:$G$4692,MATCH($P25,Sensors_MANU!$A$2:$A$4692,0)),) | O25: v17 | P25: 4978763
A26: =IFERROR(_xlfn.IFNA(INDEX(Sensors_MANU!$E$2:$E$4692,MATCH($D26,Sensors_MANU!$B$2:$B$4692,0)),INDEX(Sensors_MANU!$E$2:$E$4692,MATCH($P26,Sensors_MANU!$A$2:$A$4692,0))),"") | B26: =IFERROR(INDEX(Companies!$A$3:$A$101,MATCH(A26,Companies!$B$3:$B$101,0)),"") | C26: =IFERROR(_xlfn.IFNA(INDEX(Sensors_MANU!$F$2:$F$4692,MATCH($D26,Sensors_MANU!$B$2:$B$4692,0)),INDEX(Sensors_MANU!$F$2:$F$4692,MATCH($P26,Sensors_MANU!$A$2:$A$4692,0))),"") | D26: F880BAF2AD87 | E26: =LEFT(D26,2)&":"&MID(D26,3,2)&":"&MID(D26,5,2)&":"&MID(D26,7,2)&":"&MID(D26,9,2)&":"&RIGHT(D26,2) | H26: 3342BBBE726B8BA5 | I26: =IFERROR(_xlfn.IFNA(INDEX(Sensors_MANU!$C$2:$C$4692,MATCH($D26,Sensors_MANU!$B$2:$B$4692,0)),INDEX(Sensors_MANU!$C$2:$C$4692,MATCH($P26,Sensors_MANU!$A$2:$A$4692,0))),"") | J26: =IFERROR(_xlfn.IFNA(INDEX(Sensors_MANU!$D$2:$D$4692,MATCH($D26,Sensors_MANU!$B$2:$B$4692,0)),INDEX(Sensors_MANU!$D$2:$D$4692,MATCH($P26,Sensors_MANU!$A$2:$A$4692,0))),"") | N26: =IFERROR(INDEX(Sensors_MANU!$G$2:$G$4692,MATCH($P26,Sensors_MANU!$A$2:$A$4692,0)),) | O26: v17 | P26: 4978607
A27: =IFERROR(_xlfn.IFNA(INDEX(Sensors_MANU!$E$2:$E$4692,MATCH($D27,Sensors_MANU!$B$2:$B$4692,0)),INDEX(Sensors_MANU!$E$2:$E$4692,MATCH($P27,Sensors_MANU!$A$2:$A$4692,0))),"") | B27: =IFERROR(INDEX(Companies!$A$3:$A$101,MATCH(A27,Companies!$B$3:$B$101,0)),"") | C27: =IFERROR(_xlfn.IFNA(INDEX(Sensors_MANU!$F$2:$F$4692,MATCH($D27,Sensors_MANU!$B$2:$B$4692,0)),INDEX(Sensors_MANU!$F$2:$F$4692,MATCH($P27,Sensors_MANU!$A$2:$A$4692,0))),"") | D27: C110C525FA7D | E27: =LEFT(D27,2)&":"&MID(D27,3,2)&":"&MID(D27,5,2)&":"&MID(D27,7,2)&":"&MID(D27,9,2)&":"&RIGHT(D27,2) | H27: 75620B4E10484D4F | I27: =IFERROR(_xlfn.IFNA(INDEX(Sensors_MANU!$C$2:$C$4692,MATCH($D27,Sensors_MANU!$B$2:$B$4692,0)),INDEX(Sensors_MANU!$C$2:$C$4692,MATCH($P27,Sensors_MANU!$A$2:$A$4692,0))),"") | J27: =IFERROR(_xlfn.IFNA(INDEX(Sensors_MANU!$D$2:$D$4692,MATCH($D27,Sensors_MANU!$B$2:$B$4692,0)),INDEX(Sensors_MANU!$D$2:$D$4692,MATCH($P27,Sensors_MANU!$A$2:$A$4692,0))),"") | N27: =IFERROR(INDEX(Sensors_MANU!$G$2:$G$4692,MATCH($P27,Sensors_MANU!$A$2:$A$4692,0)),) | O27: v17 | P27: 4978601
A28: =IFERROR(_xlfn.IFNA(INDEX(Sensors_MANU!$E$2:$E$4692,MATCH($D28,Sensors_MANU!$B$2:$B$4692,0)),INDEX(Sensors_MANU!$E$2:$E$4692,MATCH($P28,Sensors_MANU!$A$2:$A$4692,0))),"") | B28: =IFERROR(INDEX(Companies!$A$3:$A$101,MATCH(A28,Companies!$B$3:$B$101,0)),"") | C28: =IFERROR(_xlfn.IFNA(INDEX(Sensors_MANU!$F$2:$F$4692,MATCH($D28,Sensors_MANU!$B$2:$B$4692,0)),INDEX(Sensors_MANU!$F$2:$F$4692,MATCH($P28,Sensors_MANU!$A$2:$A$4692,0))),"") | D28: DCAF5C3AFCFE | E28: =LEFT(D28,2)&":"&MID(D28,3,2)&":"&MID(D28,5,2)&":"&MID(D28,7,2)&":"&MID(D28,9,2)&":"&RIGHT(D28,2) | H28: 7A2E542E45DA3E34 | I28: =IFERROR(_xlfn.IFNA(INDEX(Sensors_MANU!$C$2:$C$4692,MATCH($D28,Sensors_MANU!$B$2:$B$4692,0)),INDEX(Sensors_MANU!$C$2:$C$4692,MATCH($P28,Sensors_MANU!$A$2:$A$4692,0))),"") | J28: =IFERROR(_xlfn.IFNA(INDEX(Sensors_MANU!$D$2:$D$4692,MATCH($D28,Sensors_MANU!$B$2:$B$4692,0)),INDEX(Sensors_MANU!$D$2:$D$4692,MATCH($P28,Sensors_MANU!$A$2:$A$4692,0))),"") | N28: =IFERROR(INDEX(Sensors_MANU!$G$2:$G$4692,MATCH($P28,Sensors_MANU!$A$2:$A$4692,0)),) | O28: v17 | P28: 4978578
A29: =IFERROR(_xlfn.IFNA(INDEX(Sensors_MANU!$E$2:$E$4692,MATCH($D29,Sensors_MANU!$B$2:$B$4692,0)),INDEX(Sensors_MANU!$E$2:$E$4692,MATCH($P29,Sensors_MANU!$A$2:$A$4692,0))),"") | B29: =IFERROR(INDEX(Companies!$A$3:$A$101,MATCH(A29,Companies!$B$3:$B$101,0)),"") | C29: =IFERROR(_xlfn.IFNA(INDEX(Sensors_MANU!$F$2:$F$4692,MATCH($D29,Sensors_MANU!$B$2:$B$4692,0)),INDEX(Sensors_MANU!$F$2:$F$4692,MATCH($P29,Sensors_MANU!$A$2:$A$4692,0))),"") | D29: DAB5A17D19D0 | E29: =LEFT(D29,2)&":"&MID(D29,3,2)&":"&MID(D29,5,2)&":"&MID(D29,7,2)&":"&MID(D29,9,2)&":"&RIGHT(D29,2) | H29: F16899D9D1554886 | I29: =IFERROR(_xlfn.IFNA(INDEX(Sensors_MANU!$C$2:$C$4692,MATCH($D29,Sensors_MANU!$B$2:$B$4692,0)),INDEX(Sensors_MANU!$C$2:$C$4692,MATCH($P29,Sensors_MANU!$A$2:$A$4692,0))),"") | J29: =IFERROR(_xlfn.IFNA(INDEX(Sensors_MANU!$D$2:$D$4692,MATCH($D29,Sensors_MANU!$B$2:$B$4692,0)),INDEX(Sensors_MANU!$D$2:$D$4692,MATCH($P29,Sensors_MANU!$A$2:$A$4692,0))),"") | O29: V23
A30: =IFERROR(_xlfn.IFNA(INDEX(Sensors_MANU!$E$2:$E$4692,MATCH($D30,Sensors_MANU!$B$2:$B$4692,0)),INDEX(Sensors_MANU!$E$2:$E$4692,MATCH($P30,Sensors_MANU!$A$2:$A$4692,0))),"") | B30: =IFERROR(INDEX(Companies!$A$3:$A$101,MATCH(A30,Companies!$B$3:$B$101,0)),"") | D30: E217C40522CC | E30: =LEFT(D30,2)&":"&MID(D30,3,2)&":"&MID(D30,5,2)&":"&MID(D30,7,2)&":"&MID(D30,9,2)&":"&RIGHT(D30,2) | H30: E00B7A8CCCFEFEF1 | I30: =IFERROR(_xlfn.IFNA(INDEX(Sensors_MANU!$C$2:$C$4692,MATCH($D30,Sensors_MANU!$B$2:$B$4692,0)),INDEX(Sensors_MANU!$C$2:$C$4692,MATCH($P30,Sensors_MANU!$A$2:$A$4692,0))),"") | J30: =IFERROR(_xlfn.IFNA(INDEX(Sensors_MANU!$D$2:$D$4692,MATCH($D30,Sensors_MANU!$B$2:$B$4692,0)),INDEX(Sensors_MANU!$D$2:$D$4692,MATCH($P30,Sensors_MANU!$A$2:$A$4692,0))),"")
A31: =IFERROR(_xlfn.IFNA(INDEX(Sensors_MANU!$E$2:$E$4692,MATCH($D31,Sensors_MANU!$B$2:$B$4692,0)),INDEX(Sensors_MANU!$E$2:$E$4692,MATCH($P31,Sensors_MANU!$A$2:$A$4692,0))),"") | B31: =IFERROR(INDEX(Companies!$A$3:$A$101,MATCH(A31,Companies!$B$3:$B$101,0)),"") | D31: EC21D1AE4CBA | E31: =LEFT(D31,2)&":"&MID(D31,3,2)&":"&MID(D31,5,2)&":"&MID(D31,7,2)&":"&MID(D31,9,2)&":"&RIGHT(D31,2) | H31: 23366BFA23259D4A | I31: =IFERROR(_xlfn.IFNA(INDEX(Sensors_MANU!$C$2:$C$4692,MATCH($D31,Sensors_MANU!$B$2:$B$4692,0)),INDEX(Sensors_MANU!$C$2:$C$4692,MATCH($P31,Sensors_MANU!$A$2:$A$4692,0))),"") | J31: =IFERROR(_xlfn.IFNA(INDEX(Sensors_MANU!$D$2:$D$4692,MATCH($D31,Sensors_MANU!$B$2:$B$4692,0)),INDEX(Sensors_MANU!$D$2:$D$4692,MATCH($P31,Sensors_MANU!$A$2:$A$4692,0))),"")
A32: =IFERROR(_xlfn.IFNA(INDEX(Sensors_MANU!$E$2:$E$4692,MATCH($D32,Sensors_MANU!$B$2:$B$4692,0)),INDEX(Sensors_MANU!$E$2:$E$4692,MATCH($P32,Sensors_MANU!$A$2:$A$4692,0))),"") | B32: =IFERROR(INDEX(Companies!$A$3:$A$101,MATCH(A32,Companies!$B$3:$B$101,0)),"") | D32: D251871CF673 | E32: =LEFT(D32,2)&":"&MID(D32,3,2)&":"&MID(D32,5,2)&":"&MID(D32,7,2)&":"&MID(D32,9,2)&":"&RIGHT(D32,2) | H32: 8C043B92775BEFF8 | I32: =IFERROR(_xlfn.IFNA(INDEX(Sensors_MANU!$C$2:$C$4692,MATCH($D32,Sensors_MANU!$B$2:$B$4692,0)),INDEX(Sensors_MANU!$C$2:$C$4692,MATCH($P32,Sensors_MANU!$A$2:$A$4692,0))),"") | J32: =IFERROR(_xlfn.IFNA(INDEX(Sensors_MANU!$D$2:$D$4692,MATCH($D32,Sensors_MANU!$B$2:$B$4692,0)),INDEX(Sensors_MANU!$D$2:$D$4692,MATCH($P32,Sensors_MANU!$A$2:$A$4692,0))),"")
A33: =IFERROR(_xlfn.IFNA(INDEX(Sensors_MANU!$E$2:$E$4692,MATCH($D33,Sensors_MANU!$B$2:$B$4692,0)),INDEX(Sensors_MANU!$E$2:$E$4692,MATCH($P33,Sensors_MANU!$A$2:$A$4692,0))),"") | B33: =IFERROR(INDEX(Companies!$A$3:$A$101,MATCH(A33,Companies!$B$3:$B$101,0)),"") | D33: E4202FC02258 | E33: =LEFT(D33,2)&":"&MID(D33,3,2)&":"&MID(D33,5,2)&":"&MID(D33,7,2)&":"&MID(D33,9,2)&":"&RIGHT(D33,2) | H33: D4E30509D3A93139 | I33: =IFERROR(_xlfn.IFNA(INDEX(Sensors_MANU!$C$2:$C$4692,MATCH($D33,Sensors_MANU!$B$2:$B$4692,0)),INDEX(Sensors_MANU!$C$2:$C$4692,MATCH($P33,Sensors_MANU!$A$2:$A$4692,0))),"") | J33: =IFERROR(_xlfn.IFNA(INDEX(Sensors_MANU!$D$2:$D$4692,MATCH($D33,Sensors_MANU!$B$2:$B$4692,0)),INDEX(Sensors_MANU!$D$2:$D$4692,MATCH($P33,Sensors_MANU!$A$2:$A$4692,0))),"")
A34: =IFERROR(_xlfn.IFNA(INDEX(Sensors_MANU!$E$2:$E$4692,MATCH($D34,Sensors_MANU!$B$2:$B$4692,0)),INDEX(Sensors_MANU!$E$2:$E$4692,MATCH($P34,Sensors_MANU!$A$2:$A$4692,0))),"") | B34: =IFERROR(INDEX(Companies!$A$3:$A$101,MATCH(A34,Companies!$B$3:$B$101,0)),"") | D34: DFD94D3E05FE | E34: =LEFT(D34,2)&":"&MID(D34,3,2)&":"&MID(D34,5,2)&":"&MID(D34,7,2)&":"&MID(D34,9,2)&":"&RIGHT(D34,2) | H34: 3D5E71425EC34201 | I34: =IFERROR(_xlfn.IFNA(INDEX(Sensors_MANU!$C$2:$C$4692,MATCH($D34,Sensors_MANU!$B$2:$B$4692,0)),INDEX(Sensors_MANU!$C$2:$C$4692,MATCH($P34,Sensors_MANU!$A$2:$A$4692,0))),"") | J34: =IFERROR(_xlfn.IFNA(INDEX(Sensors_MANU!$D$2:$D$4692,MATCH($D34,Sensors_MANU!$B$2:$B$4692,0)),INDEX(Sensors_MANU!$D$2:$D$4692,MATCH($P34,Sensors_MANU!$A$2:$A$4692,0))),"")
A35: =IFERROR(_xlfn.IFNA(INDEX(Sensors_MANU!$E$2:$E$4692,MATCH($D35,Sensors_MANU!$B$2:$B$4692,0)),INDEX(Sensors_MANU!$E$2:$E$4692,MATCH($P35,Sensors_MANU!$A$2:$A$4692,0))),"") | B35: =IFERROR(INDEX(Companies!$A$3:$A$101,MATCH(A35,Companies!$B$3:$B$101,0)),"") | D35: FCF111E90F9E | E35: =LEFT(D35,2)&":"&MID(D35,3,2)&":"&MID(D35,5,2)&":"&MID(D35,7,2)&":"&MID(D35,9,2)&":"&RIGHT(D35,2) | H35: C3E9F96F25AFC2B5 | I35: =IFERROR(_xlfn.IFNA(INDEX(Sensors_MANU!$C$2:$C$4692,MATCH($D35,Sensors_MANU!$B$2:$B$4692,0)),INDEX(Sensors_MANU!$C$2:$C$4692,MATCH($P35,Sensors_MANU!$A$2:$A$4692,0))),"") | J35: =IFERROR(_xlfn.IFNA(INDEX(Sensors_MANU!$D$2:$D$4692,MATCH($D35,Sensors_MANU!$B$2:$B$4692,0)),INDEX(Sensors_MANU!$D$2:$D$4692,MATCH($P35,Sensors_MANU!$A$2:$A$4692,0))),"")
A36: =IFERROR(_xlfn.IFNA(INDEX(Sensors_MANU!$E$2:$E$4692,MATCH($D36,Sensors_MANU!$B$2:$B$4692,0)),INDEX(Sensors_MANU!$E$2:$E$4692,MATCH($P36,Sensors_MANU!$A$2:$A$4692,0))),"") | B36: =IFERROR(INDEX(Companies!$A$3:$A$101,MATCH(A36,Companies!$B$3:$B$101,0)),"") | C36: =IFERROR(_xlfn.IFNA(INDEX(Sensors_MANU!$F$2:$F$4692,MATCH($D36,Sensors_MANU!$B$2:$B$4692,0)),INDEX(Sensors_MANU!$F$2:$F$4692,MATCH($P36,Sensors_MANU!$A$2:$A$4692,0))),"") | D36: C1386E70D7FC | E36: =LEFT(D36,2)&":"&MID(D36,3,2)&":"&MID(D36,5,2)&":"&MID(D36,7,2)&":"&MID(D36,9,2)&":"&RIGHT(D36,2) | H36: F09BFC6E7CA2C207 | I36: =IFERROR(_xlfn.IFNA(INDEX(Sensors_MANU!$C$2:$C$4692,MATCH($D36,Sensors_MANU!$B$2:$B$4692,0)),INDEX(Sensors_MANU!$C$2:$C$4692,MATCH($P36,Sensors_MANU!$A$2:$A$4692,0))),"") | J36: =IFERROR(_xlfn.IFNA(INDEX(Sensors_MANU!$D$2:$D$4692,MATCH($D36,Sensors_MANU!$B$2:$B$4692,0)),INDEX(Sensors_MANU!$D$2:$D$4692,MATCH($P36,Sensors_MANU!$A$2:$A$4692,0))),"") | N36: =IFERROR(INDEX(Sensors_MANU!$G$2:$G$4692,MATCH($P36,Sensors_MANU!$A$2:$A$4692,0)),) | O36: v17 | P36: 4978649
A37: =IFERROR(_xlfn.IFNA(INDEX(Sensors_MANU!$E$2:$E$4692,MATCH($D37,Sensors_MANU!$B$2:$B$4692,0)),INDEX(Sensors_MANU!$E$2:$E$4692,MATCH($P37,Sensors_MANU!$A$2:$A$4692,0))),"") | B37: =IFERROR(INDEX(Companies!$A$3:$A$101,MATCH(A37,Companies!$B$3:$B$101,0)),"") | C37: cargo | D37: CFB783D03FEC | E37: =LEFT(D37,2)&":"&MID(D37,3,2)&":"&MID(D37,5,2)&":"&MID(D37,7,2)&":"&MID(D37,9,2)&":"&RIGHT(D37,2) | H37: 925CEB023538470D | I37: =IFERROR(_xlfn.IFNA(INDEX(Sensors_MANU!$C$2:$C$4692,MATCH($D37,Sensors_MANU!$B$2:$B$4692,0)),INDEX(Sensors_MANU!$C$2:$C$4692,MATCH($P37,Sensors_MANU!$A$2:$A$4692,0))),"") | J37: =IFERROR(_xlfn.IFNA(INDEX(Sensors_MANU!$D$2:$D$4692,MATCH($D37,Sensors_MANU!$B$2:$B$4692,0)),INDEX(Sensors_MANU!$D$2:$D$4692,MATCH($P37,Sensors_MANU!$A$2:$A$4692,0))),"") | N37: =IFERROR(INDEX(Sensors_MANU!$G$2:$G$4692,MATCH($P37,Sensors_MANU!$A$2:$A$4692,0)),) | O37: v17 | P37: 4978646
A38: =IFERROR(_xlfn.IFNA(INDEX(Sensors_MANU!$E$2:$E$4692,MATCH($D38,Sensors_MANU!$B$2:$B$4692,0)),INDEX(Sensors_MANU!$E$2:$E$4692,MATCH($P38,Sensors_MANU!$A$2:$A$4692,0))),"") | B38: =IFERROR(INDEX(Companies!$A$3:$A$101,MATCH(A38,Companies!$B$3:$B$101,0)),"") | C38: =IFERROR(_xlfn.IFNA(INDEX(Sensors_MANU!$F$2:$F$4692,MATCH($D38,Sensors_MANU!$B$2:$B$4692,0)),INDEX(Sensors_MANU!$F$2:$F$4692,MATCH($P38,Sensors_MANU!$A$2:$A$4692,0))),"") | D38: C6BCF35A4CE4 | E38: =LEFT(D38,2)&":"&MID(D38,3,2)&":"&MID(D38,5,2)&":"&MID(D38,7,2)&":"&MID(D38,9,2)&":"&RIGHT(D38,2) | H38: 751FC6BC785AC829 | I38: =IFERROR(_xlfn.IFNA(INDEX(Sensors_MANU!$C$2:$C$4692,MATCH($D38,Sensors_MANU!$B$2:$B$4692,0)),INDEX(Sensors_MANU!$C$2:$C$4692,MATCH($P38,Sensors_MANU!$A$2:$A$4692,0))),"") | J38: =IFERROR(_xlfn.IFNA(INDEX(Sensors_MANU!$D$2:$D$4692,MATCH($D38,Sensors_MANU!$B$2:$B$4692,0)),INDEX(Sensors_MANU!$D$2:$D$4692,MATCH($P38,Sensors_MANU!$A$2:$A$4692,0))),"") | N38: =IFERROR(INDEX(Sensors_MANU!$G$2:$G$4692,MATCH($P38,Sensors_MANU!$A$2:$A$4692,0)),) | O38: v17 | P38: 4978588
A39: =IFERROR(_xlfn.IFNA(INDEX(Sensors_MANU!$E$2:$E$4692,MATCH($D39,Sensors_MANU!$B$2:$B$4692,0)),INDEX(Sensors_MANU!$E$2:$E$4692,MATCH($P39,Sensors_MANU!$A$2:$A$4692,0))),"") | B39: =IFERROR(INDEX(Companies!$A$3:$A$101,MATCH(A39,Companies!$B$3:$B$101,0)),"") | C39: =IFERROR(_xlfn.IFNA(INDEX(Sensors_MANU!$F$2:$F$4692,MATCH($D39,Sensors_MANU!$B$2:$B$4692,0)),INDEX(Sensors_MANU!$F$2:$F$4692,MATCH($P39,Sensors_MANU!$A$2:$A$4692,0))),"") | D39: C4210A5C9D5F | E39: =LEFT(D39,2)&":"&MID(D39,3,2)&":"&MID(D39,5,2)&":"&MID(D39,7,2)&":"&MID(D39,9,2)&":"&RIGHT(D39,2) | H39: A60A3BEB1BA8A1D5 | I39: =IFERROR(_xlfn.IFNA(INDEX(Sensors_MANU!$C$2:$C$4692,MATCH($D39,Sensors_MANU!$B$2:$B$4692,0)),INDEX(Sensors_MANU!$C$2:$C$4692,MATCH($P39,Sensors_MANU!$A$2:$A$4692,0))),"") | J39: =IFERROR(_xlfn.IFNA(INDEX(Sensors_MANU!$D$2:$D$4692,MATCH($D39,Sensors_MANU!$B$2:$B$4692,0)),INDEX(Sensors_MANU!$D$2:$D$4692,MATCH($P39,Sensors_MANU!$A$2:$A$4692,0))),"") | N39: =IFERROR(INDEX(Sensors_MANU!$G$2:$G$4692,MATCH($P39,Sensors_MANU!$A$2:$A$4692,0)),) | O39: v17 | P39: 4978546
A40: =IFERROR(_xlfn.IFNA(INDEX(Sensors_MANU!$E$2:$E$4692,MATCH($D40,Sensors_MANU!$B$2:$B$4692,0)),INDEX(Sensors_MANU!$E$2:$E$4692,MATCH($P40,Sensors_MANU!$A$2:$A$4692,0))),"") | B40: =IFERROR(INDEX(Companies!$A$3:$A$101,MATCH(A40,Companies!$B$3:$B$101,0)),"") | C40: =IFERROR(_xlfn.IFNA(INDEX(Sensors_MANU!$F$2:$F$4692,MATCH($D40,Sensors_MANU!$B$2:$B$4692,0)),INDEX(Sensors_MANU!$F$2:$F$4692,MATCH($P40,Sensors_MANU!$A$2:$A$4692,0))),"") | D40: FF3EF624B31A | E40: =LEFT(D40,2)&":"&MID(D40,3,2)&":"&MID(D40,5,2)&":"&MID(D40,7,2)&":"&MID(D40,9,2)&":"&RIGHT(D40,2) | H40: 706A317F95A263AE | I40: =IFERROR(_xlfn.IFNA(INDEX(Sensors_MANU!$C$2:$C$4692,MATCH($D40,Sensors_MANU!$B$2:$B$4692,0)),INDEX(Sensors_MANU!$C$2:$C$4692,MATCH($P40,Sensors_MANU!$A$2:$A$4692,0))),"") | J40: =IFERROR(_xlfn.IFNA(INDEX(Sensors_MANU!$D$2:$D$4692,MATCH($D40,Sensors_MANU!$B$2:$B$4692,0)),INDEX(Sensors_MANU!$D$2:$D$4692,MATCH($P40,Sensors_MANU!$A$2:$A$4692,0))),"") | N40: =IFERROR(INDEX(Sensors_MANU!$G$2:$G$4692,MATCH($P40,Sensors_MANU!$A$2:$A$4692,0)),) | O40: v16 | P40: 4978592
A41: =IFERROR(_xlfn.IFNA(INDEX(Sensors_MANU!$E$2:$E$4692,MATCH($D41,Sensors_MANU!$B$2:$B$4692,0)),INDEX(Sensors_MANU!$E$2:$E$4692,MATCH($P41,Sensors_MANU!$A$2:$A$4692,0))),"") | B41: =IFERROR(INDEX(Companies!$A$3:$A$101,MATCH(A41,Companies!$B$3:$B$101,0)),"") | C41: =IFERROR(_xlfn.IFNA(INDEX(Sensors_MANU!$F$2:$F$4692,MATCH($D41,Sensors_MANU!$B$2:$B$4692,0)),INDEX(Sensors_MANU!$F$2:$F$4692,MATCH($P41,Sensors_MANU!$A$2:$A$4692,0))),"") | D41: DEF09F72D0C0 | E41: =LEFT(D41,2)&":"&MID(D41,3,2)&":"&MID(D41,5,2)&":"&MID(D41,7,2)&":"&MID(D41,9,2)&":"&RIGHT(D41,2) | H41: A0F026BE0E772D91 | I41: =IFERROR(_xlfn.IFNA(INDEX(Sensors_MANU!$C$2:$C$4692,MATCH($D41,Sensors_MANU!$B$2:$B$4692,0)),INDEX(Sensors_MANU!$C$2:$C$4692,MATCH($P41,Sensors_MANU!$A$2:$A$4692,0))),"") | J41: =IFERROR(_xlfn.IFNA(INDEX(Sensors_MANU!$D$2:$D$4692,MATCH($D41,Sensors_MANU!$B$2:$B$4692,0)),INDEX(Sensors_MANU!$D$2:$D$4692,MATCH($P41,Sensors_MANU!$A$2:$A$4692,0))),"") | N41: =IFERROR(INDEX(Sensors_MANU!$G$2:$G$4692,MATCH($P41,Sensors_MANU!$A$2:$A$4692,0)),) | O41: v16 | P41: 4978422
A42: =IFERROR(_xlfn.IFNA(INDEX(Sensors_MANU!$E$2:$E$4692,MATCH($D42,Sensors_MANU!$B$2:$B$4692,0)),INDEX(Sensors_MANU!$E$2:$E$4692,MATCH($P42,Sensors_MANU!$A$2:$A$4692,0))),"") | B42: =IFERROR(INDEX(Companies!$A$3:$A$101,MATCH(A42,Companies!$B$3:$B$101,0)),"") | C42: =IFERROR(_xlfn.IFNA(INDEX(Sensors_MANU!$F$2:$F$4692,MATCH($D42,Sensors_MANU!$B$2:$B$4692,0)),INDEX(Sensors_MANU!$F$2:$F$4692,MATCH($P42,Sensors_MANU!$A$2:$A$4692,0))),"") | D42: F1D7C7407F2D | E42: =LEFT(D42,2)&":"&MID(D42,3,2)&":"&MID(D42,5,2)&":"&MID(D42,7,2)&":"&MID(D42,9,2)&":"&RIGHT(D42,2) | H42: E48A7BD88AF1898A | I42: =IFERROR(_xlfn.IFNA(INDEX(Sensors_MANU!$C$2:$C$4692,MATCH($D42,Sensors_MANU!$B$2:$B$4692,0)),INDEX(Sensors_MANU!$C$2:$C$4692,MATCH($P42,Sensors_MANU!$A$2:$A$4692,0))),"") | J42: =IFERROR(_xlfn.IFNA(INDEX(Sensors_MANU!$D$2:$D$4692,MATCH($D42,Sensors_MANU!$B$2:$B$4692,0)),INDEX(Sensors_MANU!$D$2:$D$4692,MATCH($P42,Sensors_MANU!$A$2:$A$4692,0))),"") | N42: =IFERROR(INDEX(Sensors_MANU!$G$2:$G$4692,MATCH($P42,Sensors_MANU!$A$2:$A$4692,0)),) | O42: v16 | P42: 4978478
A43: =IFERROR(_xlfn.IFNA(INDEX(Sensors_MANU!$E$2:$E$4692,MATCH($D43,Sensors_MANU!$B$2:$B$4692,0)),INDEX(Sensors_MANU!$E$2:$E$4692,MATCH($P43,Sensors_MANU!$A$2:$A$4692,0))),"") | B43: =IFERROR(INDEX(Companies!$A$3:$A$101,MATCH(A43,Companies!$B$3:$B$101,0)),"") | C43: =IFERROR(_xlfn.IFNA(INDEX(Sensors_MANU!$F$2:$F$4692,MATCH($D43,Sensors_MANU!$B$2:$B$4692,0)),INDEX(Sensors_MANU!$F$2:$F$4692,MATCH($P43,Sensors_MANU!$A$2:$A$4692,0))),"") | D43: CEB22259AA88 | E43: =LEFT(D43,2)&":"&MID(D43,3,2)&":"&MID(D43,5,2)&":"&MID(D43,7,2)&":"&MID(D43,9,2)&":"&RIGHT(D43,2) | H43: 9A63A15C81787887 | I43: =IFERROR(_xlfn.IFNA(INDEX(Sensors_MANU!$C$2:$C$4692,MATCH($D43,Sensors_MANU!$B$2:$B$4692,0)),INDEX(Sensors_MANU!$C$2:$C$4692,MATCH($P43,Sensors_MANU!$A$2:$A$4692,0))),"") | J43: =IFERROR(_xlfn.IFNA(INDEX(Sensors_MANU!$D$2:$D$4692,MATCH($D43,Sensors_MANU!$B$2:$B$4692,0)),INDEX(Sensors_MANU!$D$2:$D$4692,MATCH($P43,Sensors_MANU!$A$2:$A$4692,0))),"") | N43: =IFERROR(INDEX(Sensors_MANU!$G$2:$G$4692,MATCH($P43,Sensors_MANU!$A$2:$A$4692,0)),) | O43: v16 | P43: 4978479
A44: =IFERROR(_xlfn.IFNA(INDEX(Sensors_MANU!$E$2:$E$4692,MATCH($D44,Sensors_MANU!$B$2:$B$4692,0)),INDEX(Sensors_MANU!$E$2:$E$4692,MATCH($P44,Sensors_MANU!$A$2:$A$4692,0))),"") | B44: =IFERROR(INDEX(Companies!$A$3:$A$101,MATCH(A44,Companies!$B$3:$B$101,0)),"") | C44: =IFERROR(_xlfn.IFNA(INDEX(Sensors_MANU!$F$2:$F$4692,MATCH($D44,Sensors_MANU!$B$2:$B$4692,0)),INDEX(Sensors_MANU!$F$2:$F$4692,MATCH($P44,Sensors_MANU!$A$2:$A$4692,0))),"") | D44: CA7D8741EE7C | E44: =LEFT(D44,2)&":"&MID(D44,3,2)&":"&MID(D44,5,2)&":"&MID(D44,7,2)&":"&MID(D44,9,2)&":"&RIGHT(D44,2) | H44: 8C05CFE174697087 | I44: =IFERROR(_xlfn.IFNA(INDEX(Sensors_MANU!$C$2:$C$4692,MATCH($D44,Sensors_MANU!$B$2:$B$4692,0)),INDEX(Sensors_MANU!$C$2:$C$4692,MATCH($P44,Sensors_MANU!$A$2:$A$4692,0))),"") | J44: =IFERROR(_xlfn.IFNA(INDEX(Sensors_MANU!$D$2:$D$4692,MATCH($D44,Sensors_MANU!$B$2:$B$4692,0)),INDEX(Sensors_MANU!$D$2:$D$4692,MATCH($P44,Sensors_MANU!$A$2:$A$4692,0))),"") | N44: =IFERROR(INDEX(Sensors_MANU!$G$2:$G$4692,MATCH($P44,Sensors_MANU!$A$2:$A$4692,0)),) | O44: v16 | P44: 4978438
A45: =IFERROR(_xlfn.IFNA(INDEX(Sensors_MANU!$E$2:$E$4692,MATCH($D45,Sensors_MANU!$B$2:$B$4692,0)),INDEX(Sensors_MANU!$E$2:$E$4692,MATCH($P45,Sensors_MANU!$A$2:$A$4692,0))),"") | B45: =IFERROR(INDEX(Companies!$A$3:$A$101,MATCH(A45,Companies!$B$3:$B$101,0)),"") | C45: =IFERROR(_xlfn.IFNA(INDEX(Sensors_MANU!$F$2:$F$4692,MATCH($D45,Sensors_MANU!$B$2:$B$4692,0)),INDEX(Sensors_MANU!$F$2:$F$4692,MATCH($P45,Sensors_MANU!$A$2:$A$4692,0))),"") | D45: D8F90E28BEF6 | E45: =LEFT(D45,2)&":"&MID(D45,3,2)&":"&MID(D45,5,2)&":"&MID(D45,7,2)&":"&MID(D45,9,2)&":"&RIGHT(D45,2) | H45: D10E44678CB41651 | I45: =IFERROR(_xlfn.IFNA(INDEX(Sensors_MANU!$C$2:$C$4692,MATCH($D45,Sensors_MANU!$B$2:$B$4692,0)),INDEX(Sensors_MANU!$C$2:$C$4692,MATCH($P45,Sensors_MANU!$A$2:$A$4692,0))),"") | J45: =IFERROR(_xlfn.IFNA(INDEX(Sensors_MANU!$D$2:$D$4692,MATCH($D45,Sensors_MANU!$B$2:$B$4692,0)),INDEX(Sensors_MANU!$D$2:$D$4692,MATCH($P45,Sensors_MANU!$A$2:$A$4692,0))),"") | N45: =IFERROR(INDEX(Sensors_MANU!$G$2:$G$4692,MATCH($P45,Sensors_MANU!$A$2:$A$4692,0)),) | O45: v16 | P45: 4978414
A46: =IFERROR(_xlfn.IFNA(INDEX(Sensors_MANU!$E$2:$E$4692,MATCH($D46,Sensors_MANU!$B$2:$B$4692,0)),INDEX(Sensors_MANU!$E$2:$E$4692,MATCH($P46,Sensors_MANU!$A$2:$A$4692,0))),"") | B46: =IFERROR(INDEX(Companies!$A$3:$A$101,MATCH(A46,Companies!$B$3:$B$101,0)),"") | C46: =IFERROR(_xlfn.IFNA(INDEX(Sensors_MANU!$F$2:$F$4692,MATCH($D46,Sensors_MANU!$B$2:$B$4692,0)),INDEX(Sensors_MANU!$F$2:$F$4692,MATCH($P46,Sensors_MANU!$A$2:$A$4692,0))),"") | D46: F127DD4DF66A | E46: =LEFT(D46,2)&":"&MID(D46,3,2)&":"&MID(D46,5,2)&":"&MID(D46,7,2)&":"&MID(D46,9,2)&":"&RIGHT(D46,2) | H46: D3C579E37D866C0A | I46: =IFERROR(_xlfn.IFNA(INDEX(Sensors_MANU!$C$2:$C$4692,MATCH($D46,Sensors_MANU!$B$2:$B$4692,0)),INDEX(Sensors_MANU!$C$2:$C$4692,MATCH($P46,Sensors_MANU!$A$2:$A$4692,0))),"") | J46: =IFERROR(_xlfn.IFNA(INDEX(Sensors_MANU!$D$2:$D$4692,MATCH($D46,Sensors_MANU!$B$2:$B$4692,0)),INDEX(Sensors_MANU!$D$2:$D$4692,MATCH($P46,Sensors_MANU!$A$2:$A$4692,0))),"") | N46: =IFERROR(INDEX(Sensors_MANU!$G$2:$G$4692,MATCH($P46,Sensors_MANU!$A$2:$A$4692,0)),) | O46: v17 | P46: 4978597
A47: =IFERROR(_xlfn.IFNA(INDEX(Sensors_MANU!$E$2:$E$4692,MATCH($D47,Sensors_MANU!$B$2:$B$4692,0)),INDEX(Sensors_MANU!$E$2:$E$4692,MATCH($P47,Sensors_MANU!$A$2:$A$4692,0))),"") | B47: =IFERROR(INDEX(Companies!$A$3:$A$101,MATCH(A47,Companies!$B$3:$B$101,0)),"") | C47: =IFERROR(_xlfn.IFNA(INDEX(Sensors_MANU!$F$2:$F$4692,MATCH($D47,Sensors_MANU!$B$2:$B$4692,0)),INDEX(Sensors_MANU!$F$2:$F$4692,MATCH($P47,Sensors_MANU!$A$2:$A$4692,0))),"") | D47: F3AFA184BC38 | E47: =LEFT(D47,2)&":"&MID(D47,3,2)&":"&MID(D47,5,2)&":"&MID(D47,7,2)&":"&MID(D47,9,2)&":"&RIGHT(D47,2) | H47: 7ECDA5C4C46B80D9 | I47: =IFERROR(_xlfn.IFNA(INDEX(Sensors_MANU!$C$2:$C$4692,MATCH($D47,Sensors_MANU!$B$2:$B$4692,0)),INDEX(Sensors_MANU!$C$2:$C$4692,MATCH($P47,Sensors_MANU!$A$2:$A$4692,0))),"") | J47: =IFERROR(_xlfn.IFNA(INDEX(Sensors_MANU!$D$2:$D$4692,MATCH($D47,Sensors_MANU!$B$2:$B$4692,0)),INDEX(Sensors_MANU!$D$2:$D$4692,MATCH($P47,Sensors_MANU!$A$2:$A$4692,0))),"") | N47: =IFERROR(INDEX(Sensors_MANU!$G$2:$G$4692,MATCH($P47,Sensors_MANU!$A$2:$A$4692,0)),) | O47: v16 | P47: 4978501
A48: =IFERROR(_xlfn.IFNA(INDEX(Sensors_MANU!$E$2:$E$4692,MATCH($D48,Sensors_MANU!$B$2:$B$4692,0)),INDEX(Sensors_MANU!$E$2:$E$4692,MATCH($P48,Sensors_MANU!$A$2:$A$4692,0))),"") | B48: =IFERROR(INDEX(Companies!$A$3:$A$101,MATCH(A48,Companies!$B$3:$B$101,0)),"") | C48: =IFERROR(_xlfn.IFNA(INDEX(Sensors_MANU!$F$2:$F$4692,MATCH($D48,Sensors_MANU!$B$2:$B$4692,0)),INDEX(Sensors_MANU!$F$2:$F$4692,MATCH($P48,Sensors_MANU!$A$2:$A$4692,0))),"") | D48: E5DFA3625269 | E48: =LEFT(D48,2)&":"&MID(D48,3,2)&":"&MID(D48,5,2)&":"&MID(D48,7,2)&":"&MID(D48,9,2)&":"&RIGHT(D48,2) | H48: 51D3F921121F73B8 | I48: =IFERROR(_xlfn.IFNA(INDEX(Sensors_MANU!$C$2:$C$4692,MATCH($D48,Sensors_MANU!$B$2:$B$4692,0)),INDEX(Sensors_MANU!$C$2:$C$4692,MATCH($P48,Sensors_MANU!$A$2:$A$4692,0))),"") | J48: =IFERROR(_xlfn.IFNA(INDEX(Sensors_MANU!$D$2:$D$4692,MATCH($D48,Sensors_MANU!$B$2:$B$4692,0)),INDEX(Sensors_MANU!$D$2:$D$4692,MATCH($P48,Sensors_MANU!$A$2:$A$4692,0))),"") | N48: =IFERROR(INDEX(Sensors_MANU!$G$2:$G$4692,MATCH($P48,Sensors_MANU!$A$2:$A$4692,0)),) | O48: v17 | P48: 4978815
A49: =IFERROR(_xlfn.IFNA(INDEX(Sensors_MANU!$E$2:$E$4692,MATCH($D49,Sensors_MANU!$B$2:$B$4692,0)),INDEX(Sensors_MANU!$E$2:$E$4692,MATCH($P49,Sensors_MANU!$A$2:$A$4692,0))),"") | B49: =IFERROR(INDEX(Companies!$A$3:$A$101,MATCH(A49,Companies!$B$3:$B$101,0)),"") | C49: =IFERROR(_xlfn.IFNA(INDEX(Sensors_MANU!$F$2:$F$4692,MATCH($D49,Sensors_MANU!$B$2:$B$4692,0)),INDEX(Sensors_MANU!$F$2:$F$4692,MATCH($P49,Sensors_MANU!$A$2:$A$4692,0))),"") | D49: F3BDF552BCC5 | E49: =LEFT(D49,2)&":"&MID(D49,3,2)&":"&MID(D49,5,2)&":"&MID(D49,7,2)&":"&MID(D49,9,2)&":"&RIGHT(D49,2) | H49: 6C78B640FD8AE44C | I49: =IFERROR(_xlfn.IFNA(INDEX(Sensors_MANU!$C$2:$C$4692,MATCH($D49,Sensors_MANU!$B$2:$B$4692,0)),INDEX(Sensors_MANU!$C$2:$C$4692,MATCH($P49,Sensors_MANU!$A$2:$A$4692,0))),"") | J49: =IFERROR(_xlfn.IFNA(INDEX(Sensors_MANU!$D$2:$D$4692,MATCH($D49,Sensors_MANU!$B$2:$B$4692,0)),INDEX(Sensors_MANU!$D$2:$D$4692,MATCH($P49,Sensors_MANU!$A$2:$A$4692,0))),"") | N49: =IFERROR(INDEX(Sensors_MANU!$G$2:$G$4692,MATCH($P49,Sensors_MANU!$A$2:$A$4692,0)),) | O49: v16 | P49: 4978416
... A65: =IFERROR(_xlfn.IFNA(INDEX(Sensors_MANU!$E$2:$E$4692,MATCH($D65,Sensors_MANU!$B$2:$B$4692,0)),INDEX(Sensors_MANU!$E$2:$E$4692,MATCH($P65,Sensors_MANU!$A$2:$A$4692,0))),"") | B65: =IFERROR(INDEX(Companies!$A$3:$A$101,MATCH(A65,Companies!$B$3:$B$101,0)),"") | C65: =IFERROR(_xlfn.IFNA(INDEX(Sensors_MANU!$F$2:$F$4692,MATCH($D65,Sensors_MANU!$B$2:$B$4692,0)),INDEX(Sensors_MANU!$F$2:$F$4692,MATCH($P65,Sensors_MANU!$A$2:$A$4692,0))),"") | D65: C1885B07BACD | E65: =LEFT(D65,2)&":"&MID(D65,3,2)&":"&MID(D65,5,2)&":"&MID(D65,7,2)&":"&MID(D65,9,2)&":"&RIGHT(D65,2) | H65: 9AD724132DFDF41B | I65: =IFERROR(_xlfn.IFNA(INDEX(Sensors_MANU!$C$2:$C$4692,MATCH($D65,Sensors_MANU!$B$2:$B$4692,0)),INDEX(Sensors_MANU!$C$2:$C$4692,MATCH($P65,Sensors_MANU!$A$2:$A$4692,0))),"") | J65: =IFERROR(_xlfn.IFNA(INDEX(Sensors_MANU!$D$2:$D$4692,MATCH($D65,Sensors_MANU!$B$2:$B$4692,0)),INDEX(Sensors_MANU!$D$2:$D$4692,MATCH($P65,Sensors_MANU!$A$2:$A$4692,0))),"") | N65: =IFERROR(INDEX(Sensors_MANU!$G$2:$G$4692,MATCH($P65,Sensors_MANU!$A$2:$A$4692,0)),) | O65: v16 | P65: 4978789
A66: =IFERROR(_xlfn.IFNA(INDEX(Sensors_MANU!$E$2:$E$4692,MATCH($D66,Sensors_MANU!$B$2:$B$4692,0)),INDEX(Sensors_MANU!$E$2:$E$4692,MATCH($P66,Sensors_MANU!$A$2:$A$4692,0))),"") | B66: =IFERROR(INDEX(Companies!$A$3:$A$101,MATCH(A66,Companies!$B$3:$B$101,0)),"") | C66: =IFERROR(_xlfn.IFNA(INDEX(Sensors_MANU!$F$2:$F$4692,MATCH($D66,Sensors_MANU!$B$2:$B$4692,0)),INDEX(Sensors_MANU!$F$2:$F$4692,MATCH($P66,Sensors_MANU!$A$2:$A$4692,0))),"") | D66: E1CE51A3E8E9 | E66: =LEFT(D66,2)&":"&MID(D66,3,2)&":"&MID(D66,5,2)&":"&MID(D66,7,2)&":"&MID(D66,9,2)&":"&RIGHT(D66,2) | H66: EFA272B9F0DA7C3A | I66: =IFERROR(_xlfn.IFNA(INDEX(Sensors_MANU!$C$2:$C$4692,MATCH($D66,Sensors_MANU!$B$2:$B$4692,0)),INDEX(Sensors_MANU!$C$2:$C$4692,MATCH($P66,Sensors_MANU!$A$2:$A$4692,0))),"") | J66: =IFERROR(_xlfn.IFNA(INDEX(Sensors_MANU!$D$2:$D$4692,MATCH($D66,Sensors_MANU!$B$2:$B$4692,0)),INDEX(Sensors_MANU!$D$2:$D$4692,MATCH($P66,Sensors_MANU!$A$2:$A$4692,0))),"") | N66: Warranty | O66: V23
A67: =IFERROR(_xlfn.IFNA(INDEX(Sensors_MANU!$E$2:$E$4692,MATCH($D67,Sensors_MANU!$B$2:$B$4692,0)),INDEX(Sensors_MANU!$E$2:$E$4692,MATCH($P67,Sensors_MANU!$A$2:$A$4692,0))),"") | B67: =IFERROR(INDEX(Companies!$A$3:$A$101,MATCH(A67,Companies!$B$3:$B$101,0)),"") | C67: =IFERROR(_xlfn.IFNA(INDEX(Sensors_MANU!$F$2:$F$4692,MATCH($D67,Sensors_MANU!$B$2:$B$4692,0)),INDEX(Sensors_MANU!$F$2:$F$4692,MATCH($P67,Sensors_MANU!$A$2:$A$4692,0))),"") | D67: FD045E322C06 | E67: =LEFT(D67,2)&":"&MID(D67,3,2)&":"&MID(D67,5,2)&":"&MID(D67,7,2)&":"&MID(D67,9,2)&":"&RIGHT(D67,2) | H67: 0E4BB7A75268E4A8 | I67: =IFERROR(_xlfn.IFNA(INDEX(Sensors_MANU!$C$2:$C$4692,MATCH($D67,Sensors_MANU!$B$2:$B$4692,0)),INDEX(Sensors_MANU!$C$2:$C$4692,MATCH($P67,Sensors_MANU!$A$2:$A$4692,0))),"") | J67: =IFERROR(_xlfn.IFNA(INDEX(Sensors_MANU!$D$2:$D$4692,MATCH($D67,Sensors_MANU!$B$2:$B$4692,0)),INDEX(Sensors_MANU!$D$2:$D$4692,MATCH($P67,Sensors_MANU!$A$2:$A$4692,0))),"") | N67: Warranty | O67: V23
A68: =IFERROR(_xlfn.IFNA(INDEX(Sensors_MANU!$E$2:$E$4692,MATCH($D68,Sensors_MANU!$B$2:$B$4692,0)),INDEX(Sensors_MANU!$E$2:$E$4692,MATCH($P68,Sensors_MANU!$A$2:$A$4692,0))),"") | B68: =IFERROR(INDEX(Companies!$A$3:$A$101,MATCH(A68,Companies!$B$3:$B$101,0)),"") | C68: =IFERROR(_xlfn.IFNA(INDEX(Sensors_MANU!$F$2:$F$4692,MATCH($D68,Sensors_MANU!$B$2:$B$4692,0)),INDEX(Sensors_MANU!$F$2:$F$4692,MATCH($P68,Sensors_MANU!$A$2:$A$4692,0))),"") | D68: F736B8CB69EE | E68: =LEFT(D68,2)&":"&MID(D68,3,2)&":"&MID(D68,5,2)&":"&MID(D68,7,2)&":"&MID(D68,9,2)&":"&RIGHT(D68,2) | H68: 0A668A2B60D63E74 | I68: =IFERROR(_xlfn.IFNA(INDEX(Sensors_MANU!$C$2:$C$4692,MATCH($D68,Sensors_MANU!$B$2:$B$4692,0)),INDEX(Sensors_MANU!$C$2:$C$4692,MATCH($P68,Sensors_MANU!$A$2:$A$4692,0))),"") | J68: =IFERROR(_xlfn.IFNA(INDEX(Sensors_MANU!$D$2:$D$4692,MATCH($D68,Sensors_MANU!$B$2:$B$4692,0)),INDEX(Sensors_MANU!$D$2:$D$4692,MATCH($P68,Sensors_MANU!$A$2:$A$4692,0))),"") | N68: Warranty | O68: V23
A69: =IFERROR(_xlfn.IFNA(INDEX(Sensors_MANU!$E$2:$E$4692,MATCH($D69,Sensors_MANU!$B$2:$B$4692,0)),INDEX(Sensors_MANU!$E$2:$E$4692,MATCH($P69,Sensors_MANU!$A$2:$A$4692,0))),"") | B69: =IFERROR(INDEX(Companies!$A$3:$A$101,MATCH(A69,Companies!$B$3:$B$101,0)),"") | C69: =IFERROR(_xlfn.IFNA(INDEX(Sensors_MANU!$F$2:$F$4692,MATCH($D69,Sensors_MANU!$B$2:$B$4692,0)),INDEX(Sensors_MANU!$F$2:$F$4692,MATCH($P69,Sensors_MANU!$A$2:$A$4692,0))),"") | D69: C883F1411228 | E69: =LEFT(D69,2)&":"&MID(D69,3,2)&":"&MID(D69,5,2)&":"&MID(D69,7,2)&":"&MID(D69,9,2)&":"&RIGHT(D69,2) | H69: B0057455D3D3AA64 | I69: =IFERROR(_xlfn.IFNA(INDEX(Sensors_MANU!$C$2:$C$4692,MATCH($D69,Sensors_MANU!$B$2:$B$4692,0)),INDEX(Sensors_MANU!$C$2:$C$4692,MATCH($P69,Sensors_MANU!$A$2:$A$4692,0))),"") | J69: =IFERROR(_xlfn.IFNA(INDEX(Sensors_MANU!$D$2:$D$4692,MATCH($D69,Sensors_MANU!$B$2:$B$4692,0)),INDEX(Sensors_MANU!$D$2:$D$4692,MATCH($P69,Sensors_MANU!$A$2:$A$4692,0))),"") | N69: Warranty | O69: V23
A70: =IFERROR(_xlfn.IFNA(INDEX(Sensors_MANU!$E$2:$E$4692,MATCH($D70,Sensors_MANU!$B$2:$B$4692,0)),INDEX(Sensors_MANU!$E$2:$E$4692,MATCH($P70,Sensors_MANU!$A$2:$A$4692,0))),"") | B70: =IFERROR(INDEX(Companies!$A$3:$A$101,MATCH(A70,Companies!$B$3:$B$101,0)),"") | C70: =IFERROR(_xlfn.IFNA(INDEX(Sensors_MANU!$F$2:$F$4692,MATCH($D70,Sensors_MANU!$B$2:$B$4692,0)),INDEX(Sensors_MANU!$F$2:$F$4692,MATCH($P70,Sensors_MANU!$A$2:$A$4692,0))),"") | D70: CED675527EF8 | E70: =LEFT(D70,2)&":"&MID(D70,3,2)&":"&MID(D70,5,2)&":"&MID(D70,7,2)&":"&MID(D70,9,2)&":"&RIGHT(D70,2) | H70: 69276A85EB27A815 | I70: =IFERROR(_xlfn.IFNA(INDEX(Sensors_MANU!$C$2:$C$4692,MATCH($D70,Sensors_MANU!$B$2:$B$4692,0)),INDEX(Sensors_MANU!$C$2:$C$4692,MATCH($P70,Sensors_MANU!$A$2:$A$4692,0))),"") | J70: =IFERROR(_xlfn.IFNA(INDEX(Sensors_MANU!$D$2:$D$4692,MATCH($D70,Sensors_MANU!$B$2:$B$4692,0)),INDEX(Sensors_MANU!$D$2:$D$4692,MATCH($P70,Sensors_MANU!$A$2:$A$4692,0))),"") | N70: Warranty | O70: V23
A71: =IFERROR(_xlfn.IFNA(INDEX(Sensors_MANU!$E$2:$E$4692,MATCH($D71,Sensors_MANU!$B$2:$B$4692,0)),INDEX(Sensors_MANU!$E$2:$E$4692,MATCH($P71,Sensors_MANU!$A$2:$A$4692,0))),"") | B71: =IFERROR(INDEX(Companies!$A$3:$A$101,MATCH(A71,Companies!$B$3:$B$101,0)),"") | C71: =IFERROR(_xlfn.IFNA(INDEX(Sensors_MANU!$F$2:$F$4692,MATCH($D71,Sensors_MANU!$B$2:$B$4692,0)),INDEX(Sensors_MANU!$F$2:$F$4692,MATCH($P71,Sensors_MANU!$A$2:$A$4692,0))),"") | D71: C2073834A07B | E71: =LEFT(D71,2)&":"&MID(D71,3,2)&":"&MID(D71,5,2)&":"&MID(D71,7,2)&":"&MID(D71,9,2)&":"&RIGHT(D71,2) | H71: 5EB9AF3A5C8F0134 | I71: =IFERROR(_xlfn.IFNA(INDEX(Sensors_MANU!$C$2:$C$4692,MATCH($D71,Sensors_MANU!$B$2:$B$4692,0)),INDEX(Sensors_MANU!$C$2:$C$4692,MATCH($P71,Sensors_MANU!$A$2:$A$4692,0))),"") | J71: =IFERROR(_xlfn.IFNA(INDEX(Sensors_MANU!$D$2:$D$4692,MATCH($D71,Sensors_MANU!$B$2:$B$4692,0)),INDEX(Sensors_MANU!$D$2:$D$4692,MATCH($P71,Sensors_MANU!$A$2:$A$4692,0))),"") | O71: V24
A72: =IFERROR(_xlfn.IFNA(INDEX(Sensors_MANU!$E$2:$E$4692,MATCH($D72,Sensors_MANU!$B$2:$B$4692,0)),INDEX(Sensors_MANU!$E$2:$E$4692,MATCH($P72,Sensors_MANU!$A$2:$A$4692,0))),"") | B72: =IFERROR(INDEX(Companies!$A$3:$A$101,MATCH(A72,Companies!$B$3:$B$101,0)),"") | C72: =IFERROR(_xlfn.IFNA(INDEX(Sensors_MANU!$F$2:$F$4692,MATCH($D72,Sensors_MANU!$B$2:$B$4692,0)),INDEX(Sensors_MANU!$F$2:$F$4692,MATCH($P72,Sensors_MANU!$A$2:$A$4692,0))),"") | D72: CCFE5A0E9A5D | E72: =LEFT(D72,2)&":"&MID(D72,3,2)&":"&MID(D72,5,2)&":"&MID(D72,7,2)&":"&MID(D72,9,2)&":"&RIGHT(D72,2) | H72: 3534D54BF5A6D6A9 | I72: =IFERROR(_xlfn.IFNA(INDEX(Sensors_MANU!$C$2:$C$4692,MATCH($D72,Sensors_MANU!$B$2:$B$4692,0)),INDEX(Sensors_MANU!$C$2:$C$4692,MATCH($P72,Sensors_MANU!$A$2:$A$4692,0))),"") | J72: =IFERROR(_xlfn.IFNA(INDEX(Sensors_MANU!$D$2:$D$4692,MATCH($D72,Sensors_MANU!$B$2:$B$4692,0)),INDEX(Sensors_MANU!$D$2:$D$4692,MATCH($P72,Sensors_MANU!$A$2:$A$4692,0))),"") | O72: V24
A73: =IFERROR(_xlfn.IFNA(INDEX(Sensors_MANU!$E$2:$E$4692,MATCH($D73,Sensors_MANU!$B$2:$B$4692,0)),INDEX(Sensors_MANU!$E$2:$E$4692,MATCH($P73,Sensors_MANU!$A$2:$A$4692,0))),"") | B73: =IFERROR(INDEX(Companies!$A$3:$A$101,MATCH(A73,Companies!$B$3:$B$101,0)),"") | C73: =IFERROR(_xlfn.IFNA(INDEX(Sensors_MANU!$F$2:$F$4692,MATCH($D73,Sensors_MANU!$B$2:$B$4692,0)),INDEX(Sensors_MANU!$F$2:$F$4692,MATCH($P73,Sensors_MANU!$A$2:$A$4692,0))),"") | D73: CFCB5DFC1E01 | E73: =LEFT(D73,2)&":"&MID(D73,3,2)&":"&MID(D73,5,2)&":"&MID(D73,7,2)&":"&MID(D73,9,2)&":"&RIGHT(D73,2) | H73: 0C90DF8534FE2E9D | I73: =IFERROR(_xlfn.IFNA(INDEX(Sensors_MANU!$C$2:$C$4692,MATCH($D73,Sensors_MANU!$B$2:$B$4692,0)),INDEX(Sensors_MANU!$C$2:$C$4692,MATCH($P73,Sensors_MANU!$A$2:$A$4692,0))),"") | J73: =IFERROR(_xlfn.IFNA(INDEX(Sensors_MANU!$D$2:$D$4692,MATCH($D73,Sensors_MANU!$B$2:$B$4692,0)),INDEX(Sensors_MANU!$D$2:$D$4692,MATCH($P73,Sensors_MANU!$A$2:$A$4692,0))),"") | O73: V23
A74: =IFERROR(_xlfn.IFNA(INDEX(Sensors_MANU!$E$2:$E$4692,MATCH($D74,Sensors_MANU!$B$2:$B$4692,0)),INDEX(Sensors_MANU!$E$2:$E$4692,MATCH($P74,Sensors_MANU!$A$2:$A$4692,0))),"") | B74: =IFERROR(INDEX(Companies!$A$3:$A$101,MATCH(A74,Companies!$B$3:$B$101,0)),"") | C74: =IFERROR(_xlfn.IFNA(INDEX(Sensors_MANU!$F$2:$F$4692,MATCH($D74,Sensors_MANU!$B$2:$B$4692,0)),INDEX(Sensors_MANU!$F$2:$F$4692,MATCH($P74,Sensors_MANU!$A$2:$A$4692,0))),"") | D74: F05BFDFB0F08 | E74: =LEFT(D74,2)&":"&MID(D74,3,2)&":"&MID(D74,5,2)&":"&MID(D74,7,2)&":"&MID(D74,9,2)&":"&RIGHT(D74,2) | H74: 35CEB1C8A24F077C | I74: =IFERROR(_xlfn.IFNA(INDEX(Sensors_MANU!$C$2:$C$4692,MATCH($D74,Sensors_MANU!$B$2:$B$4692,0)),INDEX(Sensors_MANU!$C$2:$C$4692,MATCH($P74,Sensors_MANU!$A$2:$A$4692,0))),"") | J74: =IFERROR(_xlfn.IFNA(INDEX(Sensors_MANU!$D$2:$D$4692,MATCH($D74,Sensors_MANU!$B$2:$B$4692,0)),INDEX(Sensors_MANU!$D$2:$D$4692,MATCH($P74,Sensors_MANU!$A$2:$A$4692,0))),"") | O74: V24
A75: =IFERROR(_xlfn.IFNA(INDEX(Sensors_MANU!$E$2:$E$4692,MATCH($D75,Sensors_MANU!$B$2:$B$4692,0)),INDEX(Sensors_MANU!$E$2:$E$4692,MATCH($P75,Sensors_MANU!$A$2:$A$4692,0))),"") | B75: =IFERROR(INDEX(Companies!$A$3:$A$101,MATCH(A75,Companies!$B$3:$B$101,0)),"") | C75: =IFERROR(_xlfn.IFNA(INDEX(Sensors_MANU!$F$2:$F$4692,MATCH($D75,Sensors_MANU!$B$2:$B$4692,0)),INDEX(Sensors_MANU!$F$2:$F$4692,MATCH($P75,Sensors_MANU!$A$2:$A$4692,0))),"") | D75: D27C62245676 | E75: =LEFT(D75,2)&":"&MID(D75,3,2)&":"&MID(D75,5,2)&":"&MID(D75,7,2)&":"&MID(D75,9,2)&":"&RIGHT(D75,2) | F75: 44862 | G75: Fertagus | H75: 2DD9A6CF0E96A9A3 | I75: =IFERROR(_xlfn.IFNA(INDEX(Sensors_MANU!$C$2:$C$4692,MATCH($D75,Sensors_MANU!$B$2:$B$4692,0)),INDEX(Sensors_MANU!$C$2:$C$4692,MATCH($P75,Sensors_MANU!$A$2:$A$4692,0))),"") | J75: =IFERROR(_xlfn.IFNA(INDEX(Sensors_MANU!$D$2:$D$4692,MATCH($D75,Sensors_MANU!$B$2:$B$4692,0)),INDEX(Sensors_MANU!$D$2:$D$4692,MATCH($P75,Sensors_MANU!$A$2:$A$4692,0))),"") | K75: R3555 | L75: 2R | O75: V25
A76: =IFERROR(_xlfn.IFNA(INDEX(Sensors_MANU!$E$2:$E$4692,MATCH($D76,Sensors_MANU!$B$2:$B$4692,0)),INDEX(Sensors_MANU!$E$2:$E$4692,MATCH($P76,Sensors_MANU!$A$2:$A$4692,0))),"") | B76: =IFERROR(INDEX(Companies!$A$3:$A$101,MATCH(A76,Companies!$B$3:$B$101,0)),"") | C76: =IFERROR(_xlfn.IFNA(INDEX(Sensors_MANU!$F$2:$F$4692,MATCH($D76,Sensors_MANU!$B$2:$B$4692,0)),INDEX(Sensors_MANU!$F$2:$F$4692,MATCH($P76,Sensors_MANU!$A$2:$A$4692,0))),"") | D76: FEDB2B2AA8C7 | E76: =LEFT(D76,2)&":"&MID(D76,3,2)&":"&MID(D76,5,2)&":"&MID(D76,7,2)&":"&MID(D76,9,2)&":"&RIGHT(D76,2) | H76: 76CFE86B0226740A | I76: =IFERROR(_xlfn.IFNA(INDEX(Sensors_MANU!$C$2:$C$4692,MATCH($D76,Sensors_MANU!$B$2:$B$4692,0)),INDEX(Sensors_MANU!$C$2:$C$4692,MATCH($P76,Sensors_MANU!$A$2:$A$4692,0))),"") | J76: =IFERROR(_xlfn.IFNA(INDEX(Sensors_MANU!$D$2:$D$4692,MATCH($D76,Sensors_MANU!$B$2:$B$4692,0)),INDEX(Sensors_MANU!$D$2:$D$4692,MATCH($P76,Sensors_MANU!$A$2:$A$4692,0))),"") | O76: V24
A77: =IFERROR(_xlfn.IFNA(INDEX(Sensors_MANU!$E$2:$E$4692,MATCH($D77,Sensors_MANU!$B$2:$B$4692,0)),INDEX(Sensors_MANU!$E$2:$E$4692,MATCH($P77,Sensors_MANU!$A$2:$A$4692,0))),"") | B77: =IFERROR(INDEX(Companies!$A$3:$A$101,MATCH(A77,Companies!$B$3:$B$101,0)),"") | C77: =IFERROR(_xlfn.IFNA(INDEX(Sensors_MANU!$F$2:$F$4692,MATCH($D77,Sensors_MANU!$B$2:$B$4692,0)),INDEX(Sensors_MANU!$F$2:$F$4692,MATCH($P77,Sensors_MANU!$A$2:$A$4692,0))),"") | D77: E108D079A7AA | E77: =LEFT(D77,2)&":"&MID(D77,3,2)&":"&MID(D77,5,2)&":"&MID(D77,7,2)&":"&MID(D77,9,2)&":"&RIGHT(D77,2) | H77: F6C7421080A3A844 | I77: =IFERROR(_xlfn.IFNA(INDEX(Sensors_MANU!$C$2:$C$4692,MATCH($D77,Sensors_MANU!$B$2:$B$4692,0)),INDEX(Sensors_MANU!$C$2:$C$4692,MATCH($P77,Sensors_MANU!$A$2:$A$4692,0))),"") | J77: =IFERROR(_xlfn.IFNA(INDEX(Sensors_MANU!$D$2:$D$4692,MATCH($D77,Sensors_MANU!$B$2:$B$4692,0)),INDEX(Sensors_MANU!$D$2:$D$4692,MATCH($P77,Sensors_MANU!$A$2:$A$4692,0))),"") | O77: V24
A78: =IFERROR(_xlfn.IFNA(INDEX(Sensors_MANU!$E$2:$E$4692,MATCH($D78,Sensors_MANU!$B$2:$B$4692,0)),INDEX(Sensors_MANU!$E$2:$E$4692,MATCH($P78,Sensors_MANU!$A$2:$A$4692,0))),"") | B78: =IFERROR(INDEX(Companies!$A$3:$A$101,MATCH(A78,Companies!$B$3:$B$101,0)),"") | C78: =IFERROR(_xlfn.IFNA(INDEX(Sensors_MANU!$F$2:$F$4692,MATCH($D78,Sensors_MANU!$B$2:$B$4692,0)),INDEX(Sensors_MANU!$F$2:$F$4692,MATCH($P78,Sensors_MANU!$A$2:$A$4692,0))),"") | D78: F4B3AF4B7488 | E78: =LEFT(D78,2)&":"&MID(D78,3,2)&":"&MID(D78,5,2)&":"&MID(D78,7,2)&":"&MID(D78,9,2)&":"&RIGHT(D78,2) | H78: 8F2EE2380EA09202 | I78: =IFERROR(_xlfn.IFNA(INDEX(Sensors_MANU!$C$2:$C$4692,MATCH($D78,Sensors_MANU!$B$2:$B$4692,0)),INDEX(Sensors_MANU!$C$2:$C$4692,MATCH($P78,Sensors_MANU!$A$2:$A$4692,0))),"") | J78: =IFERROR(_xlfn.IFNA(INDEX(Sensors_MANU!$D$2:$D$4692,MATCH($D78,Sensors_MANU!$B$2:$B$4692,0)),INDEX(Sensors_MANU!$D$2:$D$4692,MATCH($P78,Sensors_MANU!$A$2:$A$4692,0))),"") | O78: V24
A79: =IFERROR(_xlfn.IFNA(INDEX(Sensors_MANU!$E$2:$E$4692,MATCH($D79,Sensors_MANU!$B$2:$B$4692,0)),INDEX(Sensors_MANU!$E$2:$E$4692,MATCH($P79,Sensors_MANU!$A$2:$A$4692,0))),"") | B79: =IFERROR(INDEX(Companies!$A$3:$A$101,MATCH(A79,Companies!$B$3:$B$101,0)),"") | C79: =IFERROR(_xlfn.IFNA(INDEX(Sensors_MANU!$F$2:$F$4692,MATCH($D79,Sensors_MANU!$B$2:$B$4692,0)),INDEX(Sensors_MANU!$F$2:$F$4692,MATCH($P79,Sensors_MANU!$A$2:$A$4692,0))),"") | D79: E6D34F511877 | E79: =LEFT(D79,2)&":"&MID(D79,3,2)&":"&MID(D79,5,2)&":"&MID(D79,7,2)&":"&MID(D79,9,2)&":"&RIGHT(D79,2) | H79: 72ECF776DCD02A80 | I79: =IFERROR(_xlfn.IFNA(INDEX(Sensors_MANU!$C$2:$C$4692,MATCH($D79,Sensors_MANU!$B$2:$B$4692,0)),INDEX(Sensors_MANU!$C$2:$C$4692,MATCH($P79,Sensors_MANU!$A$2:$A$4692,0))),"") | J79: =IFERROR(_xlfn.IFNA(INDEX(Sensors_MANU!$D$2:$D$4692,MATCH($D79,Sensors_MANU!$B$2:$B$4692,0)),INDEX(Sensors_MANU!$D$2:$D$4692,MATCH($P79,Sensors_MANU!$A$2:$A$4692,0))),"") | N79: Warranty | O79: V23
A80: =IFERROR(_xlfn.IFNA(INDEX(Sensors_MANU!$E$2:$E$4692,MATCH($D80,Sensors_MANU!$B$2:$B$4692,0)),INDEX(Sensors_MANU!$E$2:$E$4692,MATCH($P80,Sensors_MANU!$A$2:$A$4692,0))),"") | B80: =IFERROR(INDEX(Companies!$A$3:$A$101,MATCH(A80,Companies!$B$3:$B$101,0)),"") | C80: =IFERROR(_xlfn.IFNA(INDEX(Sensors_MANU!$F$2:$F$4692,MATCH($D80,Sensors_MANU!$B$2:$B$4692,0)),INDEX(Sensors_MANU!$F$2:$F$4692,MATCH($P80,Sensors_MANU!$A$2:$A$4692,0))),"") | D80: DD6529384BC6 | E80: =LEFT(D80,2)&":"&MID(D80,3,2)&":"&MID(D80,5,2)&":"&MID(D80,7,2)&":"&MID(D80,9,2)&":"&RIGHT(D80,2) | H80: 06A3508AD62A09DA | I80: =IFERROR(_xlfn.IFNA(INDEX(Sensors_MANU!$C$2:$C$4692,MATCH($D80,Sensors_MANU!$B$2:$B$4692,0)),INDEX(Sensors_MANU!$C$2:$C$4692,MATCH($P80,Sensors_MANU!$A$2:$A$4692,0))),"") | J80: =IFERROR(_xlfn.IFNA(INDEX(Sensors_MANU!$D$2:$D$4692,MATCH($D80,Sensors_MANU!$B$2:$B$4692,0)),INDEX(Sensors_MANU!$D$2:$D$4692,MATCH($P80,Sensors_MANU!$A$2:$A$4692,0))),"") | N80: Warranty | O80: V23
A81: =IFERROR(_xlfn.IFNA(INDEX(Sensors_MANU!$E$2:$E$4692,MATCH($D81,Sensors_MANU!$B$2:$B$4692,0)),INDEX(Sensors_MANU!$E$2:$E$4692,MATCH($P81,Sensors_MANU!$A$2:$A$4692,0))),"") | B81: =IFERROR(INDEX(Companies!$A$3:$A$101,MATCH(A81,Companies!$B$3:$B$101,0)),"") | C81: =IFERROR(_xlfn.IFNA(INDEX(Sensors_MANU!$F$2:$F$4692,MATCH($D81,Sensors_MANU!$B$2:$B$4692,0)),INDEX(Sensors_MANU!$F$2:$F$4692,MATCH($P81,Sensors_MANU!$A$2:$A$4692,0))),"") | D81: F0F0A3FD6D84 | E81: =LEFT(D81,2)&":"&MID(D81,3,2)&":"&MID(D81,5,2)&":"&MID(D81,7,2)&":"&MID(D81,9,2)&":"&RIGHT(D81,2) | H81: 8C300677A228A9AC | I81: =IFERROR(_xlfn.IFNA(INDEX(Sensors_MANU!$C$2:$C$4692,MATCH($D81,Sensors_MANU!$B$2:$B$4692,0)),INDEX(Sensors_MANU!$C$2:$C$4692,MATCH($P81,Sensors_MANU!$A$2:$A$4692,0))),"") | J81: =IFERROR(_xlfn.IFNA(INDEX(Sensors_MANU!$D$2:$D$4692,MATCH($D81,Sensors_MANU!$B$2:$B$4692,0)),INDEX(Sensors_MANU!$D$2:$D$4692,MATCH($P81,Sensors_MANU!$A$2:$A$4692,0))),"") | N81: Warranty | O81: V23
A82: =IFERROR(_xlfn.IFNA(INDEX(Sensors_MANU!$E$2:$E$4692,MATCH($D82,Sensors_MANU!$B$2:$B$4692,0)),INDEX(Sensors_MANU!$E$2:$E$4692,MATCH($P82,Sensors_MANU!$A$2:$A$4692,0))),"") | B82: =IFERROR(INDEX(Companies!$A$3:$A$101,MATCH(A82,Companies!$B$3:$B$101,0)),"") | C82: =IFERROR(_xlfn.IFNA(INDEX(Sensors_MANU!$F$2:$F$4692,MATCH($D82,Sensors_MANU!$B$2:$B$4692,0)),INDEX(Sensors_MANU!$F$2:$F$4692,MATCH($P82,Sensors_MANU!$A$2:$A$4692,0))),"") | D82: D2A8B9633E8E | E82: =LEFT(D82,2)&":"&MID(D82,3,2)&":"&MID(D82,5,2)&":"&MID(D82,7,2)&":"&MID(D82,9,2)&":"&RIGHT(D82,2) | F82: 44862 | G82: Fertagus | H82: 4D1617A67741D038 | I82: =IFERROR(_xlfn.IFNA(INDEX(Sensors_MANU!$C$2:$C$4692,MATCH($D82,Sensors_MANU!$B$2:$B$4692,0)),INDEX(Sensors_MANU!$C$2:$C$4692,MATCH($P82,Sensors_MANU!$A$2:$A$4692,0))),"") | J82: =IFERROR(_xlfn.IFNA(INDEX(Sensors_MANU!$D$2:$D$4692,MATCH($D82,Sensors_MANU!$B$2:$B$4692,0)),INDEX(Sensors_MANU!$D$2:$D$4692,MATCH($P82,Sensors_MANU!$A$2:$A$4692,0))),"") | K82: R3505 | L82: 4L | O82: V25
A83: =IFERROR(_xlfn.IFNA(INDEX(Sensors_MANU!$E$2:$E$4692,MATCH($D83,Sensors_MANU!$B$2:$B$4692,0)),INDEX(Sensors_MANU!$E$2:$E$4692,MATCH($P83,Sensors_MANU!$A$2:$A$4692,0))),"") | B83: =IFERROR(INDEX(Companies!$A$3:$A$101,MATCH(A83,Companies!$B$3:$B$101,0)),"") | C83: =IFERROR(_xlfn.IFNA(INDEX(Sensors_MANU!$F$2:$F$4692,MATCH($D83,Sensors_MANU!$B$2:$B$4692,0)),INDEX(Sensors_MANU!$F$2:$F$4692,MATCH($P83,Sensors_MANU!$A$2:$A$4692,0))),"") | D83: EA84A3C4015F | E83: =LEFT(D83,2)&":"&MID(D83,3,2)&":"&MID(D83,5,2)&":"&MID(D83,7,2)&":"&MID(D83,9,2)&":"&RIGHT(D83,2) | F83: 44862 | G83: Fertagus | H83: 7BB42F6F87D0C50A | I83: =IFERROR(_xlfn.IFNA(INDEX(Sensors_MANU!$C$2:$C$4692,MATCH($D83,Sensors_MANU!$B$2:$B$4692,0)),INDEX(Sensors_MANU!$C$2:$C$4692,MATCH($P83,Sensors_MANU!$A$2:$A$4692,0))),"") | J83: =IFERROR(_xlfn.IFNA(INDEX(Sensors_MANU!$D$2:$D$4692,MATCH($D83,Sensors_MANU!$B$2:$B$4692,0)),INDEX(Sensors_MANU!$D$2:$D$4692,MATCH($P83,Sensors_MANU!$A$2:$A$4692,0))),"") | K83: M3505 | L83: 4L | O83: V25
A84: =IFERROR(_xlfn.IFNA(INDEX(Sensors_MANU!$E$2:$E$4692,MATCH($D84,Sensors_MANU!$B$2:$B$4692,0)),INDEX(Sensors_MANU!$E$2:$E$4692,MATCH($P84,Sensors_MANU!$A$2:$A$4692,0))),"") | B84: =IFERROR(INDEX(Companies!$A$3:$A$101,MATCH(A84,Companies!$B$3:$B$101,0)),"") | C84: =IFERROR(_xlfn.IFNA(INDEX(Sensors_MANU!$F$2:$F$4692,MATCH($D84,Sensors_MANU!$B$2:$B$4692,0)),INDEX(Sensors_MANU!$F$2:$F$4692,MATCH($P84,Sensors_MANU!$A$2:$A$4692,0))),"") | D84: DDE9FE97BF03 | E84: =LEFT(D84,2)&":"&MID(D84,3,2)&":"&MID(D84,5,2)&":"&MID(D84,7,2)&":"&MID(D84,9,2)&":"&RIGHT(D84,2) | F84: 44862 | G84: Fertagus | H84: 81FDFC1A3A535F5A | I84: =IFERROR(_xlfn.IFNA(INDEX(Sensors_MANU!$C$2:$C$4692,MATCH($D84,Sensors_MANU!$B$2:$B$4692,0)),INDEX(Sensors_MANU!$C$2:$C$4692,MATCH($P84,Sensors_MANU!$A$2:$A$4692,0))),"") | J84: =IFERROR(_xlfn.IFNA(INDEX(Sensors_MANU!$D$2:$D$4692,MATCH($D84,Sensors_MANU!$B$2:$B$4692,0)),INDEX(Sensors_MANU!$D$2:$D$4692,MATCH($P84,Sensors_MANU!$A$2:$A$4692,0))),"") | K84: M3555 | L84: 3L | O84: V25
A85: =IFERROR(_xlfn.IFNA(INDEX(Sensors_MANU!$E$2:$E$4692,MATCH($D85,Sensors_MANU!$B$2:$B$4692,0)),INDEX(Sensors_MANU!$E$2:$E$4692,MATCH($P85,Sensors_MANU!$A$2:$A$4692,0))),"") | B85: =IFERROR(INDEX(Companies!$A$3:$A$101,MATCH(A85,Companies!$B$3:$B$101,0)),"") | C85: =IFERROR(_xlfn.IFNA(INDEX(Sensors_MANU!$F$2:$F$4692,MATCH($D85,Sensors_MANU!$B$2:$B$4692,0)),INDEX(Sensors_MANU!$F$2:$F$4692,MATCH($P85,Sensors_MANU!$A$2:$A$4692,0))),"") | D85: E9DFB801EA87 | E85: =LEFT(D85,2)&":"&MID(D85,3,2)&":"&MID(D85,5,2)&":"&MID(D85,7,2)&":"&MID(D85,9,2)&":"&RIGHT(D85,2) | F85: 44862 | G85: Fertagus | H85: C77CE3A38A91B0FB | I85: =IFERROR(_xlfn.IFNA(INDEX(Sensors_MANU!$C$2:$C$4692,MATCH($D85,Sensors_MANU!$B$2:$B$4692,0)),INDEX(Sensors_MANU!$C$2:$C$4692,MATCH($P85,Sensors_MANU!$A$2:$A$4692,0))),"") | J85: =IFERROR(_xlfn.IFNA(INDEX(Sensors_MANU!$D$2:$D$4692,MATCH($D85,Sensors_MANU!$B$2:$B$4692,0)),INDEX(Sensors_MANU!$D$2:$D$4692,MATCH($P85,Sensors_MANU!$A$2:$A$4692,0))),"") | K85: R3505 | L85: 1R | O85: V25
A86: =IFERROR(_xlfn.IFNA(INDEX(Sensors_MANU!$E$2:$E$4692,MATCH($D86,Sensors_MANU!$B$2:$B$4692,0)),INDEX(Sensors_MANU!$E$2:$E$4692,MATCH($P86,Sensors_MANU!$A$2:$A$4692,0))),"") | B86: =IFERROR(INDEX(Companies!$A$3:$A$101,MATCH(A86,Companies!$B$3:$B$101,0)),"") | C86: =IFERROR(_xlfn.IFNA(INDEX(Sensors_MANU!$F$2:$F$4692,MATCH($D86,Sensors_MANU!$B$2:$B$4692,0)),INDEX(Sensors_MANU!$F$2:$F$4692,MATCH($P86,Sensors_MANU!$A$2:$A$4692,0))),"") | D86: D71C19449AB1 | E86: =LEFT(D86,2)&":"&MID(D86,3,2)&":"&MID(D86,5,2)&":"&MID(D86,7,2)&":"&MID(D86,9,2)&":"&RIGHT(D86,2) | F86: 44862 | G86: Fertagus | H86: F6BD7B2E26896524 | I86: =IFERROR(_xlfn.IFNA(INDEX(Sensors_MANU!$C$2:$C$4692,MATCH($D86,Sensors_MANU!$B$2:$B$4692,0)),INDEX(Sensors_MANU!$C$2:$C$4692,MATCH($P86,Sensors_MANU!$A$2:$A$4692,0))),"") | J86: =IFERROR(_xlfn.IFNA(INDEX(Sensors_MANU!$D$2:$D$4692,MATCH($D86,Sensors_MANU!$B$2:$B$4692,0)),INDEX(Sensors_MANU!$D$2:$D$4692,MATCH($P86,Sensors_MANU!$A$2:$A$4692,0))),"") | K86: R3555 | L86: 2L | O86: V25
A87: =IFERROR(_xlfn.IFNA(INDEX(Sensors_MANU!$E$2:$E$4692,MATCH($D87,Sensors_MANU!$B$2:$B$4692,0)),INDEX(Sensors_MANU!$E$2:$E$4692,MATCH($P87,Sensors_MANU!$A$2:$A$4692,0))),"") | B87: =IFERROR(INDEX(Companies!$A$3:$A$101,MATCH(A87,Companies!$B$3:$B$101,0)),"") | C87: =IFERROR(_xlfn.IFNA(INDEX(Sensors_MANU!$F$2:$F$4692,MATCH($D87,Sensors_MANU!$B$2:$B$4692,0)),INDEX(Sensors_MANU!$F$2:$F$4692,MATCH($P87,Sensors_MANU!$A$2:$A$4692,0))),"") | D87: C42AC2AB2788 | E87: =LEFT(D87,2)&":"&MID(D87,3,2)&":"&MID(D87,5,2)&":"&MID(D87,7,2)&":"&MID(D87,9,2)&":"&RIGHT(D87,2) | F87: 44862 | G87: Fertagus | H87: 429EACA72AA4303A | I87: =IFERROR(_xlfn.IFNA(INDEX(Sensors_MANU!$C$2:$C$4692,MATCH($D87,Sensors_MANU!$B$2:$B$4692,0)),INDEX(Sensors_MANU!$C$2:$C$4692,MATCH($P87,Sensors_MANU!$A$2:$A$4692,0))),"") | J87: =IFERROR(_xlfn.IFNA(INDEX(Sensors_MANU!$D$2:$D$4692,MATCH($D87,Sensors_MANU!$B$2:$B$4692,0)),INDEX(Sensors_MANU!$D$2:$D$4692,MATCH($P87,Sensors_MANU!$A$2:$A$4692,0))),"") | K87: R3555 | L87: 1L | O87: V25
A88: =IFERROR(_xlfn.IFNA(INDEX(Sensors_MANU!$E$2:$E$4692,MATCH($D88,Sensors_MANU!$B$2:$B$4692,0)),INDEX(Sensors_MANU!$E$2:$E$4692,MATCH($P88,Sensors_MANU!$A$2:$A$4692,0))),"") | B88: =IFERROR(INDEX(Companies!$A$3:$A$101,MATCH(A88,Companies!$B$3:$B$101,0)),"") | C88: =IFERROR(_xlfn.IFNA(INDEX(Sensors_MANU!$F$2:$F$4692,MATCH($D88,Sensors_MANU!$B$2:$B$4692,0)),INDEX(Sensors_MANU!$F$2:$F$4692,MATCH($P88,Sensors_MANU!$A$2:$A$4692,0))),"") | D88: D2AFB82EE1E2 | E88: =LEFT(D88,2)&":"&MID(D88,3,2)&":"&MID(D88,5,2)&":"&MID(D88,7,2)&":"&MID(D88,9,2)&":"&RIGHT(D88,2) | H88: DE3D65E472043558 | I88: =IFERROR(_xlfn.IFNA(INDEX(Sensors_MANU!$C$2:$C$4692,MATCH($D88,Sensors_MANU!$B$2:$B$4692,0)),INDEX(Sensors_MANU!$C$2:$C$4692,MATCH($P88,Sensors_MANU!$A$2:$A$4692,0))),"") | J88: =IFERROR(_xlfn.IFNA(INDEX(Sensors_MANU!$D$2:$D$4692,MATCH($D88,Sensors_MANU!$B$2:$B$4692,0)),INDEX(Sensors_MANU!$D$2:$D$4692,MATCH($P88,Sensors_MANU!$A$2:$A$4692,0))),"") | O88: V23
A89: DELPHISONIC | B89: =IFERROR(INDEX(Companies!$A$3:$A$101,MATCH(A89,Companies!$B$3:$B$101,0)),"") | D89: EB5D5C8B6005 | E89: =LEFT(D89,2)&":"&MID(D89,3,2)&":"&MID(D89,5,2)&":"&MID(D89,7,2)&":"&MID(D89,9,2)&":"&RIGHT(D89,2) | H89: 3A7BA05E105FE62B | I89: =IFERROR(_xlfn.IFNA(INDEX(Sensors_MANU!$C$2:$C$4692,MATCH($D89,Sensors_MANU!$B$2:$B$4692,0)),INDEX(Sensors_MANU!$C$2:$C$4692,MATCH($P89,Sensors_MANU!$A$2:$A$4692,0))),"") | J89: =IFERROR(_xlfn.IFNA(INDEX(Sensors_MANU!$D$2:$D$4692,MATCH($D89,Sensors_MANU!$B$2:$B$4692,0)),INDEX(Sensors_MANU!$D$2:$D$4692,MATCH($P89,Sensors_MANU!$A$2:$A$4692,0))),"")
A90: VIEZO | B90: =IFERROR(INDEX(Companies!$A$3:$A$101,MATCH(A90,Companies!$B$3:$B$101,0)),"") | D90: C7662F8CB00B | E90: =LEFT(D90,2)&":"&MID(D90,3,2)&":"&MID(D90,5,2)&":"&MID(D90,7,2)&":"&MID(D90,9,2)&":"&RIGHT(D90,2) | H90: F0B00D136D4D8870 | I90: =IFERROR(_xlfn.IFNA(INDEX(Sensors_MANU!$C$2:$C$4692,MATCH($D90,Sensors_MANU!$B$2:$B$4692,0)),INDEX(Sensors_MANU!$C$2:$C$4692,MATCH($P90,Sensors_MANU!$A$2:$A$4692,0))),"") | J90: =IFERROR(_xlfn.IFNA(INDEX(Sensors_MANU!$D$2:$D$4692,MATCH($D90,Sensors_MANU!$B$2:$B$4692,0)),INDEX(Sensors_MANU!$D$2:$D$4692,MATCH($P90,Sensors_MANU!$A$2:$A$4692,0))),"")
A91: DELPHISONIC | B91: =IFERROR(INDEX(Companies!$A$3:$A$101,MATCH(A91,Companies!$B$3:$B$101,0)),"") | D91: E9B20345D39B | E91: =LEFT(D91,2)&":"&MID(D91,3,2)&":"&MID(D91,5,2)&":"&MID(D91,7,2)&":"&MID(D91,9,2)&":"&RIGHT(D91,2) | H91: A6EA1904318CA8D8 | I91: =IFERROR(_xlfn.IFNA(INDEX(Sensors_MANU!$C$2:$C$4692,MATCH($D91,Sensors_MANU!$B$2:$B$4692,0)),INDEX(Sensors_MANU!$C$2:$C$4692,MATCH($P91,Sensors_MANU!$A$2:$A$4692,0))),"") | J91: =IFERROR(_xlfn.IFNA(INDEX(Sensors_MANU!$D$2:$D$4692,MATCH($D91,Sensors_MANU!$B$2:$B$4692,0)),INDEX(Sensors_MANU!$D$2:$D$4692,MATCH($P91,Sensors_MANU!$A$2:$A$4692,0))),"")
A92: VIEZO | B92: =IFERROR(INDEX(Companies!$A$3:$A$101,MATCH(A84,Companies!$B$3:$B$101,0)),"") | D92: DB79DB044093 | E92: =LEFT(D92,2)&":"&MID(D92,3,2)&":"&MID(D92,5,2)&":"&MID(D92,7,2)&":"&MID(D92,9,2)&":"&RIGHT(D92,2) | H92: 49A73B375BED4EF4 | I92: =IFERROR(_xlfn.IFNA(INDEX(Sensors_MANU!$C$2:$C$4692,MATCH($D92,Sensors_MANU!$B$2:$B$4692,0)),INDEX(Sensors_MANU!$C$2:$C$4692,MATCH($P92,Sensors_MANU!$A$2:$A$4692,0))),"") | J92: =IFERROR(_xlfn.IFNA(INDEX(Sensors_MANU!$D$2:$D$4692,MATCH($D92,Sensors_MANU!$B$2:$B$4692,0)),INDEX(Sensors_MANU!$D$2:$D$4692,MATCH($P92,Sensors_MANU!$A$2:$A$4692,0))),"") | N92: Prepared for Atex shipment. FW 2.1_0.11
A93: VIEZO | B93: =IFERROR(INDEX(Companies!$A$3:$A$101,MATCH(A93,Companies!$B$3:$B$101,0)),"") | D93: D442680A5311 | E93: =LEFT(D93,2)&":"&MID(D93,3,2)&":"&MID(D93,5,2)&":"&MID(D93,7,2)&":"&MID(D93,9,2)&":"&RIGHT(D93,2) | H93: B5033F53B17EDCD7 | J93: =IFERROR(_xlfn.IFNA(INDEX(Sensors_MANU!$D$2:$D$4692,MATCH($D93,Sensors_MANU!$B$2:$B$4692,0)),INDEX(Sensors_MANU!$D$2:$D$4692,MATCH($P93,Sensors_MANU!$A$2:$A$4692,0))),"")
A94: =IFERROR(_xlfn.IFNA(INDEX(Sensors_MANU!$E$2:$E$4692,MATCH($D94,Sensors_MANU!$B$2:$B$4692,0)),INDEX(Sensors_MANU!$E$2:$E$4692,MATCH($P94,Sensors_MANU!$A$2:$A$4692,0))),"") | B94: =IFERROR(INDEX(Companies!$A$3:$A$101,MATCH(A94,Companies!$B$3:$B$101,0)),"") | D94: E6DBB39D6043 | E94: =LEFT(D94,2)&":"&MID(D94,3,2)&":"&MID(D94,5,2)&":"&MID(D94,7,2)&":"&MID(D94,9,2)&":"&RIGHT(D94,2) | H94: A3AED17B0D851F9F | J94: A3AED17B0D851F9F | N94: Nexxiot
A95: =IFERROR(_xlfn.IFNA(INDEX(Sensors_MANU!$E$2:$E$4692,MATCH($D95,Sensors_MANU!$B$2:$B$4692,0)),INDEX(Sensors_MANU!$E$2:$E$4692,MATCH($P95,Sensors_MANU!$A$2:$A$4692,0))),"") | B95: =IFERROR(INDEX(Companies!$A$3:$A$101,MATCH(A95,Companies!$B$3:$B$101,0)),"") | D95: E8648BD88D40 | E95: =LEFT(D95,2)&":"&MID(D95,3,2)&":"&MID(D95,5,2)&":"&MID(D95,7,2)&":"&MID(D95,9,2)&":"&RIGHT(D95,2) | H95: 6BC1BDF7B9129653 | J95: =IFERROR(_xlfn.IFNA(INDEX(Sensors_MANU!$D$2:$D$4692,MATCH($D95,Sensors_MANU!$B$2:$B$4692,0)),INDEX(Sensors_MANU!$D$2:$D$4692,MATCH($P95,Sensors_MANU!$A$2:$A$4692,0))),"") | N95: Nexxiot
A96: =IFERROR(_xlfn.IFNA(INDEX(Sensors_MANU!$E$2:$E$4692,MATCH($D96,Sensors_MANU!$B$2:$B$4692,0)),INDEX(Sensors_MANU!$E$2:$E$4692,MATCH($P96,Sensors_MANU!$A$2:$A$4692,0))),"") | B96: =IFERROR(INDEX(Companies!$A$3:$A$101,MATCH(A96,Companies!$B$3:$B$101,0)),"") | D96: C416BB04EC40 | E96: =LEFT(D96,2)&":"&MID(D96,3,2)&":"&MID(D96,5,2)&":"&MID(D96,7,2)&":"&MID(D96,9,2)&":"&RIGHT(D96,2) | H96: 3C8531F71883CB39 | J96: 3C8531F71883CB39 | N96: Nexxiot
A97: =IFERROR(_xlfn.IFNA(INDEX(Sensors_MANU!$E$2:$E$4692,MATCH($D97,Sensors_MANU!$B$2:$B$4692,0)),INDEX(Sensors_MANU!$E$2:$E$4692,MATCH($P97,Sensors_MANU!$A$2:$A$4692,0))),"") | B97: =IFERROR(INDEX(Companies!$A$3:$A$101,MATCH(A97,Companies!$B$3:$B$101,0)),"") | D97: C76B0E802375 | E97: =LEFT(D97,2)&":"&MID(D97,3,2)&":"&MID(D97,5,2)&":"&MID(D97,7,2)&":"&MID(D97,9,2)&":"&RIGHT(D97,2) | H97: 2F2289907C78907E | J97: 2F2289907C78907E | N97: Nexxiot
A98: =IFERROR(_xlfn.IFNA(INDEX(Sensors_MANU!$E$2:$E$4692,MATCH($D98,Sensors_MANU!$B$2:$B$4692,0)),INDEX(Sensors_MANU!$E$2:$E$4692,MATCH($P98,Sensors_MANU!$A$2:$A$4692,0))),"") | B98: =IFERROR(INDEX(Companies!$A$3:$A$101,MATCH(A98,Companies!$B$3:$B$101,0)),"") | D98: D157493C396E | E98: =LEFT(D98,2)&":"&MID(D98,3,2)&":"&MID(D98,5,2)&":"&MID(D98,7,2)&":"&MID(D98,9,2)&":"&RIGHT(D98,2) | H98: 2D2BA36A6F907ADE | J98: =IFERROR(_xlfn.IFNA(INDEX(Sensors_MANU!$D$2:$D$4692,MATCH($D98,Sensors_MANU!$B$2:$B$4692,0)),INDEX(Sensors_MANU!$D$2:$D$4692,MATCH($P98,Sensors_MANU!$A$2:$A$4692,0))),"") | N98: Nexxiot
A99: =IFERROR(_xlfn.IFNA(INDEX(Sensors_MANU!$E$2:$E$4692,MATCH($D99,Sensors_MANU!$B$2:$B$4692,0)),INDEX(Sensors_MANU!$E$2:$E$4692,MATCH($P99,Sensors_MANU!$A$2:$A$4692,0))),"") | B99: =IFERROR(INDEX(Companies!$A$3:$A$101,MATCH(A99,Companies!$B$3:$B$101,0)),"") | D99: C40DDA52A76B | E99: =LEFT(D99,2)&":"&MID(D99,3,2)&":"&MID(D99,5,2)&":"&MID(D99,7,2)&":"&MID(D99,9,2)&":"&RIGHT(D99,2) | H99: 2C2B8B15E3BD705F | J99: 2C2B8B15E3BD705F | N99: Nexxiot
A100: =IFERROR(_xlfn.IFNA(INDEX(Sensors_MANU!$E$2:$E$4692,MATCH($D100,Sensors_MANU!$B$2:$B$4692,0)),INDEX(Sensors_MANU!$E$2:$E$4692,MATCH($P100,Sensors_MANU!$A$2:$A$4692,0))),"") | B100: =IFERROR(INDEX(Companies!$A$3:$A$101,MATCH(A100,Companies!$B$3:$B$101,0)),"") | D100: E523D56D0543 | E100: =LEFT(D100,2)&":"&MID(D100,3,2)&":"&MID(D100,5,2)&":"&MID(D100,7,2)&":"&MID(D100,9,2)&":"&RIGHT(D100,2) | H100: DE2C2760AEEBE897 | J100: DE2C2760AEEBE897 | N100: Nexxiot
A101: =IFERROR(_xlfn.IFNA(INDEX(Sensors_MANU!$E$2:$E$4692,MATCH($D101,Sensors_MANU!$B$2:$B$4692,0)),INDEX(Sensors_MANU!$E$2:$E$4692,MATCH($P101,Sensors_MANU!$A$2:$A$4692,0))),"") | B101: =IFERROR(INDEX(Companies!$A$3:$A$101,MATCH(A101,Companies!$B$3:$B$101,0)),"") | D101: D57A800A996E | E101: =LEFT(D101,2)&":"&MID(D101,3,2)&":"&MID(D101,5,2)&":"&MID(D101,7,2)&":"&MID(D101,9,2)&":"&RIGHT(D101,2) | H101: 72133BA164502C5B | J101: 72133BA164502C5B | N101: Nexxiot
A102: =IFERROR(_xlfn.IFNA(INDEX(Sensors_MANU!$E$2:$E$4692,MATCH($D102,Sensors_MANU!$B$2:$B$4692,0)),INDEX(Sensors_MANU!$E$2:$E$4692,MATCH($P102,Sensors_MANU!$A$2:$A$4692,0))),"") | B102: =IFERROR(INDEX(Companies!$A$3:$A$101,MATCH(A102,Companies!$B$3:$B$101,0)),"") | D102: D785105FF0A8 | E102: =LEFT(D102,2)&":"&MID(D102,3,2)&":"&MID(D102,5,2)&":"&MID(D102,7,2)&":"&MID(D102,9,2)&":"&RIGHT(D102,2) | H102: 640DA12C92328B4A | J102: 640DA12C92328B4A | N102: Nexxiot
A103: =IFERROR(_xlfn.IFNA(INDEX(Sensors_MANU!$E$2:$E$4692,MATCH($D103,Sensors_MANU!$B$2:$B$4692,0)),INDEX(Sensors_MANU!$E$2:$E$4692,MATCH($P103,Sensors_MANU!$A$2:$A$4692,0))),"") | B103: =IFERROR(INDEX(Companies!$A$3:$A$101,MATCH(A103,Companies!$B$3:$B$101,0)),"") | D103: EF50E81346CC | E103: =LEFT(D103,2)&":"&MID(D103,3,2)&":"&MID(D103,5,2)&":"&MID(D103,7,2)&":"&MID(D103,9,2)&":"&RIGHT(D103,2) | H103: 208017505BD68006 | J103: 208017505BD68006 | N103: Nexxiot
A104: =IFERROR(_xlfn.IFNA(INDEX(Sensors_MANU!$E$2:$E$4692,MATCH($D104,Sensors_MANU!$B$2:$B$4692,0)),INDEX(Sensors_MANU!$E$2:$E$4692,MATCH($P104,Sensors_MANU!$A$2:$A$4692,0))),"") | B104: =IFERROR(INDEX(Companies!$A$3:$A$101,MATCH(A104,Companies!$B$3:$B$101,0)),"") | D104: E6602F85FAA2 | E104: =LEFT(D104,2)&":"&MID(D104,3,2)&":"&MID(D104,5,2)&":"&MID(D104,7,2)&":"&MID(D104,9,2)&":"&RIGHT(D104,2) | H104: 3EC455AF192C1E29 | J104: 3EC455AF192C1E29 | N104: Nexxiot
A105: =IFERROR(_xlfn.IFNA(INDEX(Sensors_MANU!$E$2:$E$4692,MATCH($D105,Sensors_MANU!$B$2:$B$4692,0)),INDEX(Sensors_MANU!$E$2:$E$4692,MATCH($P105,Sensors_MANU!$A$2:$A$4692,0))),"") | B105: =IFERROR(INDEX(Companies!$A$3:$A$101,MATCH(A105,Companies!$B$3:$B$101,0)),"") | D105: C9EE72117C60 | E105: =LEFT(D105,2)&":"&MID(D105,3,2)&":"&MID(D105,5,2)&":"&MID(D105,7,2)&":"&MID(D105,9,2)&":"&RIGHT(D105,2) | H105: 80FB3724EEF83411 | J105: =IFERROR(_xlfn.IFNA(INDEX(Sensors_MANU!$D$2:$D$4692,MATCH($D105,Sensors_MANU!$B$2:$B$4692,0)),INDEX(Sensors_MANU!$D$2:$D$4692,MATCH($P105,Sensors_MANU!$A$2:$A$4692,0))),"") | N105: Nexxiot
A106: =IFERROR(_xlfn.IFNA(INDEX(Sensors_MANU!$E$2:$E$4692,MATCH($D106,Sensors_MANU!$B$2:$B$4692,0)),INDEX(Sensors_MANU!$E$2:$E$4692,MATCH($P106,Sensors_MANU!$A$2:$A$4692,0))),"") | B106: =IFERROR(INDEX(Companies!$A$3:$A$101,MATCH(A106,Companies!$B$3:$B$101,0)),"") | D106: CA305A57656D | E106: =LEFT(D106,2)&":"&MID(D106,3,2)&":"&MID(D106,5,2)&":"&MID(D106,7,2)&":"&MID(D106,9,2)&":"&RIGHT(D106,2) | H106: 49EBEF725264A262 | J106: 49EBEF725264A262 | N106: Nexxiot
A107: =IFERROR(_xlfn.IFNA(INDEX(Sensors_MANU!$E$2:$E$4692,MATCH($D107,Sensors_MANU!$B$2:$B$4692,0)),INDEX(Sensors_MANU!$E$2:$E$4692,MATCH($P107,Sensors_MANU!$A$2:$A$4692,0))),"") | B107: =IFERROR(INDEX(Companies!$A$3:$A$101,MATCH(A107,Companies!$B$3:$B$101,0)),"") | D107: D725B881B6D7 | E107: =LEFT(D107,2)&":"&MID(D107,3,2)&":"&MID(D107,5,2)&":"&MID(D107,7,2)&":"&MID(D107,9,2)&":"&RIGHT(D107,2) | H107: 6318C76C2CE93257 | J107: 6318C76C2CE93257 | N107: Nexxiot
A108: =IFERROR(_xlfn.IFNA(INDEX(Sensors_MANU!$E$2:$E$4692,MATCH($D108,Sensors_MANU!$B$2:$B$4692,0)),INDEX(Sensors_MANU!$E$2:$E$4692,MATCH($P108,Sensors_MANU!$A$2:$A$4692,0))),"") | B108: =IFERROR(INDEX(Companies!$A$3:$A$101,MATCH(A108,Companies!$B$3:$B$101,0)),"") | D108: EB340C4662D0 | E108: =LEFT(D108,2)&":"&MID(D108,3,2)&":"&MID(D108,5,2)&":"&MID(D108,7,2)&":"&MID(D108,9,2)&":"&RIGHT(D108,2) | H108: 3D3FAD46F80C8169 | J108: 3D3FAD46F80C8169 | N108: Nexxiot
A109: =IFERROR(_xlfn.IFNA(INDEX(Sensors_MANU!$E$2:$E$4692,MATCH($D109,Sensors_MANU!$B$2:$B$4692,0)),INDEX(Sensors_MANU!$E$2:$E$4692,MATCH($P109,Sensors_MANU!$A$2:$A$4692,0))),"") | B109: =IFERROR(INDEX(Companies!$A$3:$A$101,MATCH(A109,Companies!$B$3:$B$101,0)),"") | D109: D87E70C97A2B | E109: =LEFT(D109,2)&":"&MID(D109,3,2)&":"&MID(D109,5,2)&":"&MID(D109,7,2)&":"&MID(D109,9,2)&":"&RIGHT(D109,2) | H109: 519006086D09F33A | J109: 519006086D09F33A | N109: Nexxiot
A110: =IFERROR(_xlfn.IFNA(INDEX(Sensors_MANU!$E$2:$E$4692,MATCH($D110,Sensors_MANU!$B$2:$B$4692,0)),INDEX(Sensors_MANU!$E$2:$E$4692,MATCH($P110,Sensors_MANU!$A$2:$A$4692,0))),"") | B110: =IFERROR(INDEX(Companies!$A$3:$A$101,MATCH(A110,Companies!$B$3:$B$101,0)),"") | D110: C08CA73404CD | E110: =LEFT(D110,2)&":"&MID(D110,3,2)&":"&MID(D110,5,2)&":"&MID(D110,7,2)&":"&MID(D110,9,2)&":"&RIGHT(D110,2) | H110: 8A2369B0AD566EFB | J110: 8A2369B0AD566EFB | N110: Nexxiot
A111: =IFERROR(_xlfn.IFNA(INDEX(Sensors_MANU!$E$2:$E$4692,MATCH($D111,Sensors_MANU!$B$2:$B$4692,0)),INDEX(Sensors_MANU!$E$2:$E$4692,MATCH($P111,Sensors_MANU!$A$2:$A$4692,0))),"") | B111: =IFERROR(INDEX(Companies!$A$3:$A$101,MATCH(A111,Companies!$B$3:$B$101,0)),"") | D111: C95EDACDF808 | E111: =LEFT(D111,2)&":"&MID(D111,3,2)&":"&MID(D111,5,2)&":"&MID(D111,7,2)&":"&MID(D111,9,2)&":"&RIGHT(D111,2) | H111: 3C63B128B32C8F33 | J111: 3C63B128B32C8F33 | N111: Nexxiot
A112: =IFERROR(_xlfn.IFNA(INDEX(Sensors_MANU!$E$2:$E$4692,MATCH($D112,Sensors_MANU!$B$2:$B$4692,0)),INDEX(Sensors_MANU!$E$2:$E$4692,MATCH($P112,Sensors_MANU!$A$2:$A$4692,0))),"") | B112: =IFERROR(INDEX(Companies!$A$3:$A$101,MATCH(A112,Companies!$B$3:$B$101,0)),"") | D112: E525390D7E2C | E112: =LEFT(D112,2)&":"&MID(D112,3,2)&":"&MID(D112,5,2)&":"&MID(D112,7,2)&":"&MID(D112,9,2)&":"&RIGHT(D112,2) | H112: B0F251AFA10EEE69 | J112: B0F251AFA10EEE69 | N112: Nexxiot
A113: =IFERROR(_xlfn.IFNA(INDEX(Sensors_MANU!$E$2:$E$4692,MATCH($D113,Sensors_MANU!$B$2:$B$4692,0)),INDEX(Sensors_MANU!$E$2:$E$4692,MATCH($P113,Sensors_MANU!$A$2:$A$4692,0))),"") | B113: =IFERROR(INDEX(Companies!$A$3:$A$101,MATCH(A113,Companies!$B$3:$B$101,0)),"") | D113: F4D9DE1E02E1 | E113: =LEFT(D113,2)&":"&MID(D113,3,2)&":"&MID(D113,5,2)&":"&MID(D113,7,2)&":"&MID(D113,9,2)&":"&RIGHT(D113,2) | H113: AE4E22602C9CB6DF | J113: AE4E22602C9CB6DF | N113: Nexxiot
A114: =IFERROR(_xlfn.IFNA(INDEX(Sensors_MANU!$E$2:$E$4692,MATCH($D114,Sensors_MANU!$B$2:$B$4692,0)),INDEX(Sensors_MANU!$E$2:$E$4692,MATCH($P114,Sensors_MANU!$A$2:$A$4692,0))),"") | B114: =IFERROR(INDEX(Companies!$A$3:$A$101,MATCH(A114,Companies!$B$3:$B$101,0)),"") | D114: E3F4B1E0F246 | E114: =LEFT(D114,2)&":"&MID(D114,3,2)&":"&MID(D114,5,2)&":"&MID(D114,7,2)&":"&MID(D114,9,2)&":"&RIGHT(D114,2) | H114: D58D2279DDD6CF4F | J114: D58D2279DDD6CF4F | N114: Nexxiot
A115: =IFERROR(_xlfn.IFNA(INDEX(Sensors_MANU!$E$2:$E$4692,MATCH($D115,Sensors_MANU!$B$2:$B$4692,0)),INDEX(Sensors_MANU!$E$2:$E$4692,MATCH($P115,Sensors_MANU!$A$2:$A$4692,0))),"") | B115: =IFERROR(INDEX(Companies!$A$3:$A$101,MATCH(A115,Companies!$B$3:$B$101,0)),"") | D115: CB6863396BC5 | E115: =LEFT(D115,2)&":"&MID(D115,3,2)&":"&MID(D115,5,2)&":"&MID(D115,7,2)&":"&MID(D115,9,2)&":"&RIGHT(D115,2) | H115: 10FB369C3D4AAF49 | J115: 10FB369C3D4AAF49 | N115: Nexxiot
...

Sheet Companies
A1: Company ID from Ubidots | B1: Company name | C1: Description | D1: Sensor count
A2: 0 | C2: Not assigned | D2: =COUNTIF(Sensors_DynamoDB!A:A,Companies!$B2)
A3: 6253a7e00d7237fac4873b5f | B3: VIEZO | C3: UAB Nanoenergija | D3: =COUNTIF(Sensors_DynamoDB!A:A,Companies!$B3)
A4: 624fc8f3330443aa9315c03f | B4: HVLE | C4: Havelländische Eisenbahn | D4: =COUNTIF(Sensors_DynamoDB!A:A,Companies!$B4)
A5: 6252e06ae4fead0698ecb1c2 | B5: VTG | D5: =COUNTIF(Sensors_DynamoDB!A:A,Companies!$B5)
A6: 6252e05ac4cdf0210339bc38 | B6: SGL | D6: =COUNTIF(Sensors_DynamoDB!A:A,Companies!$B6)
A7: 6253a699db3e775e431dc685 | B7: LTG | C7: Lithuanian Railways | D7: =COUNTIF(Sensors_DynamoDB!A:A,Companies!$B7)
A8: 62584ba3be96790af19bb545 | B8: PACIFIC | C8: Australia | D8: =COUNTIF(Sensors_DynamoDB!A:A,Companies!$B8)
A9: 62711ed01d64ac000b03f2bd | B9: HUPAC | D9: =COUNTIF(Sensors_DynamoDB!A:A,Companies!$B9)
A10: 6260f34542ddde196df5c8e3 | B10: MEDWAY | D10: =COUNTIF(Sensors_DynamoDB!A:A,Companies!$B10)
A11: 6260f6ceb34bab192344ea55 | B11: EIFFAGE | D11: =COUNTIF(Sensors_DynamoDB!A:A,Companies!$B11)
A12: 6261004b42ddde1a38b86668 | B12: GROUPCAT | D12: =COUNTIF(Sensors_DynamoDB!A:A,Companies!$B12)
A13: 6260fc6723fcfa10add59420 | B13: FERTAGUS | D13: =COUNTIF(Sensors_DynamoDB!A:A,Companies!$B13)
A14: 626abc0670a2920f54e5f7da | B14: FERROTRAMVIARIA | D14: =COUNTIF(Sensors_DynamoDB!A:A,Companies!$B14)
A15: 628cda051ecd6f96ea60b96f | B15: EUROWAGON | D15: =COUNTIF(Sensors_DynamoDB!A:A,Companies!$B15)
A16: 629787b13d4ed3000b44ba66 | B16: TRANSFESA | D16: =COUNTIF(Sensors_DynamoDB!A:A,Companies!$B16)
A17: 628238caccc8f309a5a763d2 | B17: GFR | D17: =COUNTIF(Sensors_DynamoDB!A:A,Companies!$B17)
A18: 62c6a03d34a1ec0471ec669b | B18: AXBENET | D18: =COUNTIF(Sensors_DynamoDB!A:A,Companies!$B18)
A19: 62c6a0563f80c801e6b67915 | B19: RAILTRANS | D19: =COUNTIF(Sensors_DynamoDB!A:A,Companies!$B19)
A20: 62c71c5915ba6418a9fef9df | B20: AMBROGIO | D20: =COUNTIF(Sensors_DynamoDB!A:A,Companies!$B20)
... A38: 65bca6234396a6000bc12292 | B38: SUJAN | D38: =COUNTIF(Sensors_DynamoDB!A:A,Companies!$B38)
A39: 6601886f1586791ef0b15498 | B39: MULTIMEDA

Sheet Gateways_MANU
A1: Company | B1: Gateway case nr | C1: Particle S. nr. | D1: Comments/Date Added:
A2: PACIFIC | B2: GW2203-033
A3: PACIFIC | B3: GW2203-028
A4: RENFE | B4: GW2203-009 | D4: 2023 01 25
A5: HUPAC | B5: GW2203-037
A6: HUPAC | B6: GW2203-006
A7: HUPAC | B7: GW2203-043
A8: HUPAC | B8: GW2203-024
A9: HUPAC | B9: GW2203-031
A10: HUPAC | B10: GW2203-017
A11: HUPAC | B11: GW2203-035
A12: HUPAC | B12: GW2203-019
A13: TRANSFESA | B13: GW2203-30
B14: 44658
A15: SBB CARGO | B15: was_GW2206-043 | C15: P025AB029Y2E58M
A16: HUPAC | C16: P025AB035NST2GY | D16: Warranty
A17: LTG | B17: GW2206-085 | C17: P025AB106ULSBJC
A18: HUPAC | B18: was_GW2206-083 | C18: P025AB034UJR8WT | D18: Warranty
A19: HUPAC | B19: was_GW2206-094 | C19: P025AB110C8YB5K | D19: Warranty
B20: GW2206-030 | C20: P025AB110JXF9EP
B21: GW2206-034 | C21: P025AB110GJELH7
B22: GW2206-087 | C22: P025AB029SPD9RG
B23: GW2206-088 | C23: P025AB110PTH5C4
A24: HUPAC | C24: P025AB110CYFGSN | D24: Warranty
B25: was_GW2206-090 | C25: P025AB110GBWFCL
B26: GW2206-040 | C26: P025AB1066LHUEK
B27: GW2206-041 | C27: P025AB110AJVHBY
A28: VTG | B28: GW2206-086 | C28: P025AB035S76F4P
A29: HUPAC | C29: P025AB106R9KDYH | D29: Warranty
A30: EUROWAGON | B30: GW2206-008 | C30: P025AB045JVWDPX | D30: 19/07/22
A31: SBB CARGO | B31: GW2206-019 | C31: P025AB110H6FVU3 | D31: 19/07/22
A32: HVLE | B32: GW2206-054 | C32: P025AB110TU2L9D | D32: 19/07/22
A33: SBB CARGO | B33: was_GW2203-036 | C33: P025AB1106FLXD2 | D33: 19/07/22 | E33: case nr changed
A34: AMBROGIO | B34: GW2206-039 | C34: P025AB029VMW27B | D34: 44827
A35: RAILIZE | B35: GW2206-080 | C35: P025AB110XL2YF6 | D35: 44831
A36: RAILIZE | B36: GW2206-061 | D36: 44831
A37: RAILIZE | B37: GW2203-015 | D37: 44831
A38: RAILIZE | B38: GW2203-003 | D38: 44831
A39: TRANSFESA | B39: GW2206-077 | D39: 5.10.2022
A40: TRANSFESA | B40: GW2203-047 | D40: 5.10.2022
A41: EUROWAGON | B41: GW2203-002 | D41: 6.10.2022
A42: MERCITALIA | B42: GW2206-069 | D42: 6.10.2022
A43: MERCITALIA | B43: GW2206-066 | D43: 6.10.2022
A44: MERCITALIA | B44: GW2206-095 | D44: 6.10.2022
A45: MERCITALIA | B45: GW2206-091 | D45: 6.10.2022
A46: MERCITALIA | B46: GW2206-092 | D46: 6.10.2022
A47: MERCITALIA | B47: GW2203-026 | D47: 6.10.2022
A48: MERCITALIA | B48: GW2206-084 | D48: 6.10.2022
A49: MERCITALIA | B49: GW2206-063 | D49: 6.10.2022
A50: MERCITALIA | B50: GW2206-002 | D50: 6.10.2022
... A60: FERTAGUS | B60: GW2203-020 | D60: 14.10.2022
A61: SGL | B61: GW2203-001 | D61: 44876
A62: SGL | B62: GW2203-007 | D62: 44876
A63: HVLE | B63: GW2206-001 | D63: 44876
A64: HVLE | B64: GW2206-094 | D64: 44876
A65: HVLE | B65: GW2206-043 | D65: 44876
A66: HVLE | B66: GW2206-090 | D66: 44876
A67: HVLE | B67: GW2206-083 | D67: 44876
A68: TRANSWAGGON | B68: GW2206-042
A69: HVLE | B69: GW2206-003 | D69: 44876
A70: HVLE | B70: GW2203-042 | D70: 44876
A71: HVLE | B71: GW2203-036 | D71: 44876
A72: HVLE | B72: GW2203-050 | D72: 44876
A73: FERROTRAMVIARIA | B73: GW2206-093 | D73: 29/11/2022
A74: FERROTRAMVIARIA | B74: GW2206-056 | D74: 29/11/2022
A75: AMBROGIO | B75: GW2206-021 | D75: 44902
A76: HUPAC | B76: GW2206-065 | D76: 44902
A77: HUPAC | B77: GW2206-033 | D77: 44902
A78: HUPAC | B78: GW2206-058 | D78: 44902
A79: HUPAC | B79: GW2206-055 | D79: 44902
A80: HUPAC | B80: GW2206-010 | D80: 44902
A81: HUPAC | B81: GW2206-035 | D81: 44902
A82: HUPAC | B82: GW2206-096 | D82: 44902
A83: HUPAC | B83: GW2206-078 | D83: 44902
A84: HUPAC | B84: GW2206-079 | D84: 44902
A85: HUPAC | B85: GW2206-064 | D85: 44902
A86: HUPAC | B86: GW2206-059 | D86: 44902
... A88: LTG | B88: GW2206-053 | D88: 44938
A89: FERROTRAMVIARIA | B89: GW2206-037 | D89: 2023 02 08
A90: RENFE | B90: GW2206-004 | D90: 2023 02 22
A91: MERCITALIA | B91: GW2203-004 | D91: 2023 03 10
A92: MERCITALIA | B92: GW2203-044 | D92: 2023 03 10
A93: MERCITALIA | B93: GW2206-036 | D93: 2023 03 10
A94: HVLE | B94: GW2203-040 | D94: 2023 03 10
A95: FERTAGUS | B95: GW2203-014 | D95: 2023 03 27
A96: HVLE | B96: GW2206-TR02 | D96: 2023 03 27
A97: TRANSFESA | B97: GW2206-TR01 | D97: 2023 03 27
A98: TRANSWAGGON | B98: GW2206-012 | D98: 2023 06 13
A99: TRANSWAGGON | B99: GW2206-049 | D99: 2023 06 13
A100: TRANSWAGGON | B100: GW2206-050 | D100: 2023 06 13
A101: TRANSWAGGON | B101: GW2206-052 | D101: 2023 06 13

Sheet Sensors_MANU
A1: Sensor S. no. | B1: mac_address | C1: HA S. No. | D1: Case S. No. | E1: Company | F1: Type | G1: Comment | I1: PCB ID | J1: DATE ADDED
A2: 4978561 | C2: 22 | D2: PR-2203-104 | E2: HVLE | F2: Cargo | I2: =_xlfn.NUMBERVALUE(A2)
A3: 4978887 | C3: 42 | D3: PR-2203-042 | E3: HVLE | F3: Cargo | I3: =_xlfn.NUMBERVALUE(A3)
A4: 4978676 | C4: 18 | D4: PR-2203-106 | E4: HVLE | F4: Cargo | I4: =_xlfn.NUMBERVALUE(A4)
A5: 4978517 | C5: 24 | D5: PR-2203-108 | E5: HVLE | F5: Cargo | I5: =_xlfn.NUMBERVALUE(A5)
A6: 4978881 | C6: 58 | D6: PR-2203-001 | E6: HVLE | F6: Cargo | I6: =_xlfn.NUMBERVALUE(A6)
A7: 4978718 | C7: 26 | D7: PR-2203-107 | E7: HVLE | F7: Cargo | I7: =_xlfn.NUMBERVALUE(A7)
A8: 4978550 | C8: 44 | D8: PR-2203-087 | E8: HVLE | F8: Cargo | I8: =_xlfn.NUMBERVALUE(A8)
A9: 4978696 | C9: 36 | D9: PR-2203-057 | E9: HVLE | F9: Cargo | I9: =_xlfn.NUMBERVALUE(A9)
A10: 4978680 | C10: 14 | D10: PR-2203-084 | E10: HVLE | F10: Cargo | I10: =_xlfn.NUMBERVALUE(A10)
A11: 4978756 | C11: 4 | D11: PR-2203-095 | E11: HVLE | F11: Cargo | I11: =_xlfn.NUMBERVALUE(A11)
A12: 4978683 | C12: 40 | D12: PR-2203-046 | E12: HVLE | F12: Cargo | I12: =_xlfn.NUMBERVALUE(A12)
A13: 4978557 | C13: 6 | D13: PR-2203-039 | E13: HVLE | F13: Cargo | I13: =_xlfn.NUMBERVALUE(A13)
... A21: 4978748 | C21: 30 | D21: PR-2203-085 | E21: HVLE | F21: Cargo | I21: =_xlfn.NUMBERVALUE(A21)
A22: 4978623 | C22: HA-2203-020 | D22: PR-2203-060 | E22: PACIFIC | F22: Cargo | I22: =_xlfn.NUMBERVALUE(A22)
A23: 4978824 | C23: 50 | D23: PR-2203-412 | E23: HVLE | F23: Cargo | I23: =_xlfn.NUMBERVALUE(A23)
A24: 4978724 | C24: 28 | D24: PR-2203-043 | E24: HVLE | F24: Cargo | I24: =_xlfn.NUMBERVALUE(A24)
A25: 4978620 | C25: 46 | D25: PR-2203-101 | E25: HVLE | F25: Cargo | I25: =_xlfn.NUMBERVALUE(A25)
A26: 4978685 | C26: 52 | D26: PR-2203-091 | E26: HVLE | F26: Cargo | I26: =_xlfn.NUMBERVALUE(A26)
A27: 4978715 | C27: 60 | D27: PR-2203-111 | E27: HVLE | F27: Cargo | I27: =_xlfn.NUMBERVALUE(A27)
A28: 4978751 | C28: 48 | D28: PR-2203-015 | E28: HVLE | F28: Cargo | I28: =_xlfn.NUMBERVALUE(A28)
A29: 4978693 | C29: 54 | D29: shit-1 | F29: Cargo | I29: =_xlfn.NUMBERVALUE(A29)
A30: 4978528 | C30: 62 | D30: PR-2203-105 | E30: HVLE | F30: Cargo | I30: =_xlfn.NUMBERVALUE(A30)
A31: 4978530 | C31: 84 | D31: PR-2203-073 | E31: HVLE | F31: Cargo | I31: =_xlfn.NUMBERVALUE(A31)
A32: 4978698 | C32: 82 | D32: PR-2203-048 | E32: HVLE | F32: Cargo | I32: =_xlfn.NUMBERVALUE(A32)
A33: 4978700 | C33: 114 | D33: PR-2203-052 | E33: HVLE | F33: Cargo | I33: =_xlfn.NUMBERVALUE(A33)
A34: 4978644 | C34: 78 | D34: PR-2203-100 | E34: HVLE | F34: Cargo | I34: =_xlfn.NUMBERVALUE(A34)
A35: 4978515 | C35: 96 | D35: shit-2 | F35: Cargo | I35: =_xlfn.NUMBERVALUE(A35)
A36: 4978638 | C36: 118 | D36: PR-2203-077 | E36: HVLE | F36: Cargo | I36: =_xlfn.NUMBERVALUE(A36)
A37: 4978618 | C37: 122 | D37: PR-2203-072 | E37: HVLE | F37: Cargo | I37: =_xlfn.NUMBERVALUE(A37)
A38: 4978625 | C38: 68 | D38: PR-2203-034 | E38: HVLE | F38: Cargo | I38: =_xlfn.NUMBERVALUE(A38)
A39: 4978627 | C39: HA-2203-422 | D39: PR-2203-140 | E39: GFR | F39: Cargo | I39: =_xlfn.NUMBERVALUE(A39)
A40: 4978513 | C40: 100 | D40: PR-2203-050 | E40: HVLE | F40: Cargo | I40: =_xlfn.NUMBERVALUE(A40)
A41: 4978681 | C41: 116 | D41: PR-2203-088 | E41: HVLE | F41: Cargo | I41: =_xlfn.NUMBERVALUE(A41)
A42: 4978704 | C42: 106 | D42: PR-2203-078 | E42: HVLE | F42: Cargo | I42: =_xlfn.NUMBERVALUE(A42)
A43: 4978563 | C43: 112 | D43: PR-2203-005 | E43: HVLE | F43: Cargo | I43: =_xlfn.NUMBERVALUE(A43)
A44: 4978553 | C44: 110 | D44: PR-2203-017 | E44: HVLE | F44: Cargo | I44: =_xlfn.NUMBERVALUE(A44)
A45: 4978554 | C45: 72 | D45: PR-2203-074 | E45: HVLE | F45: Cargo | I45: =_xlfn.NUMBERVALUE(A45)
A46: 4978640 | C46: 94 | D46: PR-2203-035 | E46: HVLE | F46: Cargo | I46: =_xlfn.NUMBERVALUE(A46)
A47: 4978449 | C47: 70 | D47: PR-2203-094 | E47: SGL | F47: Link | I47: =_xlfn.NUMBERVALUE(A47)
A48: 4978436 | C48: 90 | D48: PR-2203-045 | E48: SGL | F48: Link | I48: =_xlfn.NUMBERVALUE(A48)
A49: 4978445 | C49: 76 | D49: PR-2203-049 | E49: SGL | F49: Link | I49: =_xlfn.NUMBERVALUE(A49)
A50: 4978443 | C50: 92 | D50: PR-2203-041 | E50: SGL | F50: Link | I50: =_xlfn.NUMBERVALUE(A50)
A51: 4978707 | C51: 88 | D51: PR-2203-079 | E51: HVLE | F51: Cargo | I51: =_xlfn.NUMBERVALUE(A51)
... A89: 4978753 | C89: 65 | D89: PR-2203-076 | E89: HVLE | F89: Cargo | I89: =_xlfn.NUMBERVALUE(A89)
A90: 4978830 | C90: HA-2203-247 | D90: PR-2203-008 | E90: PACIFIC | F90: Cargo | I90: =_xlfn.NUMBERVALUE(A90)
A91: 4978671 | C91: HA-2203-239 | D91: PR-2203-036 | E91: PACIFIC | F91: Cargo | I91: =_xlfn.NUMBERVALUE(A91)
A92: 4978621 | C92: HA-2203-267 | D92: PR-2203-026 | E92: PACIFIC | F92: Cargo | I92: =_xlfn.NUMBERVALUE(A92)
A93: 4978631 | C93: HA-2203-243 | D93: PR-2203-058 | E93: PACIFIC | F93: Cargo | I93: =_xlfn.NUMBERVALUE(A93)
A94: 4978659 | C94: HA-2203-209 | D94: PR-2203-055dup | E94: PACIFIC | F94: Cargo | I94: =_xlfn.NUMBERVALUE(A94)
A95: 4978729 | C95: HA-2203-245 | D95: PR-2203-022 | E95: PACIFIC | F95: Cargo | I95: =_xlfn.NUMBERVALUE(A95)
A96: 4978735 | C96: HA-2203-275 | D96: PR-2203-099 | E96: PACIFIC | F96: Cargo | I96: =_xlfn.NUMBERVALUE(A96)
A97: 4978835 | C97: HA-2203-271 | D97: PR-2203-032 | E97: PACIFIC | F97: Cargo | I97: =_xlfn.NUMBERVALUE(A97)
A98: 4978628 | C98: HA-2203-265 | D98: PR-2203-038 | E98: PACIFIC | F98: Cargo | I98: =_xlfn.NUMBERVALUE(A98)
A99: 4978534 | C99: HA-2203-269 | D99: PR-2203-021 | E99: PACIFIC | F99: Cargo | I99: =_xlfn.NUMBERVALUE(A99)
A100: 4978767 | C100: HA-2203-249 | D100: PR-2203-417 | E100: PACIFIC | F100: Cargo | I100: =_xlfn.NUMBERVALUE(A100)
A101: 4978774 | C101: HA-2203-273 | D101: PR-2203-029 | E101: PACIFIC | F101: Cargo | I101: =_xlfn.NUMBERVALUE(A101)
... A208: 4978574 | C208: HA-2203-139 | D208: PR-2203-342 | E208: HUPAC | F208: Cargo | I208: =_xlfn.NUMBERVALUE(A208)
A209: 4978744 | C209: HA-2203-137 | D209: PR-2203-306 | E209: HUPAC | F209: Cargo | G209: duplicate | I209: =_xlfn.NUMBERVALUE(A209)
A210: 4978870 | C210: HA-2203-125 | D210: PR-2203-317 | E210: HUPAC | F210: Cargo | I210: =_xlfn.NUMBERVALUE(A210)
A211: 4978912 | C211: HA-2203-105 | D211: PR-2203-340 | E211: HUPAC | F211: Cargo | I211: =_xlfn.NUMBERVALUE(A211)
A212: 4978873 | C212: HA-2203-246 | D212: PR2203-333 | E212: HUPAC | F212: Cargo | I212: =_xlfn.NUMBERVALUE(A212)
A213: 4978849 | C213: HA-2203-180 | D213: PR-2203-290 | E213: HUPAC | F213: Cargo | I213: =_xlfn.NUMBERVALUE(A213)
A214: 4978783 | C214: Tadiran | D214: LINK-PR2201-010 | E214: LTG | F214: Link | I214: =_xlfn.NUMBERVALUE(A214)
A215: 4978720 | C215: Tadiran | D215: LINK-PR2201-006 | E215: LTG | F215: Link | I215: =_xlfn.NUMBERVALUE(A215)
A216: 4978771 | C216: Tadiran | D216: LINK-PR2201-007 | E216: LTG | F216: Link | I216: =_xlfn.NUMBERVALUE(A216)
A217: 4978780 | C217: Tadiran | D217: LINK-PR2201-009 | E217: LTG | F217: Link | I217: =_xlfn.NUMBERVALUE(A217)
A218: 4978804 | C218: Tadiran | D218: LINK-PR2201-003 | E218: LTG | F218: Link | I218: =_xlfn.NUMBERVALUE(A218)
A219: 4978726 | C219: Tadiran | D219: LINK-PR2201-002 | E219: LTG | F219: Link | I219: =_xlfn.NUMBERVALUE(A219)
A220: 4978805 | C220: Tadiran | D220: LINK-PR2201-001 | E220: LTG | F220: Link | I220: =_xlfn.NUMBERVALUE(A220)
A221: 4978875 | C221: HA-2203-436 | D221: PR-2203-176 | E221: HUPAC | F221: Cargo | G221: warranty replacement | I221: =_xlfn.NUMBERVALUE(A221)
A222: 4978593 | C222: SS-PR2203-349 | D222: PR-2203-241 | E222: HUPAC | F222: Cargo | G222: warranty replacement | I222: =_xlfn.NUMBERVALUE(A222)
A223: 4978580 | C223: SS-PR2203-295 | D223: PR-2203-216 | E223: HUPAC | F223: Cargo | G223: warranty replacement | I223: =_xlfn.NUMBERVALUE(A223)
A224: 4978822 | C224: SS-PR2203-303 | D224: PR-2203-184 | E224: HUPAC | F224: Cargo | G224: warranty replacement | I224: =_xlfn.NUMBERVALUE(A224)
A225: 4978525 | C225: SS-PR2203-309 | D225: PR-2203-142 | E225: HUPAC | F225: Cargo | G225: warranty replacement | I225: =_xlfn.NUMBERVALUE(A225)
A226: 4978764 | C226: SS-PR2203-311 | D226: PR-2203-217 | E226: HUPAC | F226: Cargo | G226: warranty replacement | I226: =_xlfn.NUMBERVALUE(A226)
A227: 4978594 | C227: SG-PR2203-428 | D227: PR-2203-240 | E227: HUPAC | F227: Cargo | G227: warranty replacement | I227: =_xlfn.NUMBERVALUE(A227)
A228: 4978652 | C228: SS-PR2203-345 | D228: PR-2203-182 | E228: HUPAC | F228: Cargo | G228: warranty replacement | I228: =_xlfn.NUMBERVALUE(A228)
A229: 4978587 | C229: SG-PR2203-402 | D229: PR-2203-151 | E229: HUPAC | F229: Cargo | G229: warranty replacement | I229: =_xlfn.NUMBERVALUE(A229)
A230: 4978904 | C230: HA-2203-460 | D230: PR-2203-119 | E230: HUPAC | F230: Cargo | G230: warranty replacement | I230: =_xlfn.NUMBERVALUE(A230)
A231: 4978545 | C231: HA-2203-432 | D231: PR-2203-243 | E231: EUROWAGON | F231: Cargo | I231: =_xlfn.NUMBERVALUE(A231)
A232: 4978766 | C232: HA-2203-462 | D232: PR-2203-132 | E232: EUROWAGON | F232: Cargo | I232: =_xlfn.NUMBERVALUE(A232)
A233: 4978818 | C233: HA-2203-289 | D233: PR-2203-226 | E233: EUROWAGON | F233: Cargo | I233: =_xlfn.NUMBERVALUE(A233)
A234: 4978589 | C234: HA-2203-434 | D234: PR-2203-175 | E234: EUROWAGON | F234: Cargo | I234: =_xlfn.NUMBERVALUE(A234)
A235: 4978657 | C235: HA-2203-291 | D235: PR-2203-148 | E235: EUROWAGON | F235: Cargo | I235: =_xlfn.NUMBERVALUE(A235)
A236: 4978609 | C236: HA-2203-464 | D236: PR-2203-131 | E236: EUROWAGON | F236: Cargo | I236: =_xlfn.NUMBERVALUE(A236)
A237: 4978906 | C237: HA-2203-364 | D237: PR-2203-171 | F237: Cargo | I237: =_xlfn.NUMBERVALUE(A237)
A238: 4978711 | C238: HA-2203-376 | D238: PR-2203-183 | E238: EUROWAGON | F238: Cargo | I238: =_xlfn.NUMBERVALUE(A238)
A239: 4978521 | C239: HA-2203-458 | D239: PR-2203-160 | E239: Viezo | F239: Cargo | G239: dead | I239: =_xlfn.NUMBERVALUE(A239)
A240: 4978569 | C240: HA-2203-371 | D240: PR-2203-435 | E240: HVLE | F240: Cargo | G240: warranty replacement | I240: =_xlfn.NUMBERVALUE(A240)
A241: 4978613 | C241: HA-2203-331 | D241: PR-2203-440 | E241: HVLE | F241: Cargo | G241: warranty replacement | I241: =_xlfn.NUMBERVALUE(A241)
A242: 4978603 | C242: HA-2203-461 | D242: PR-2203-433 | E242: HVLE | F242: Cargo | G242: warranty replacement | I242: =_xlfn.NUMBERVALUE(A242)
A243: 4978827 | C243: HA-2203-395 | D243: PR-2203-162 | E243: HVLE | F243: Cargo | G243: warranty replacement | I243: =_xlfn.NUMBERVALUE(A243)
A244: 4978570 | C244: HA-2203-449 | D244: PR-2203-137 | E244: HVLE | F244: Cargo | G244: warranty replacement | I244: =_xlfn.NUMBERVALUE(A244)
A245: 4978533 | C245: HA-2203-323 | D245: PR-2203-153 | E245: HVLE | F245: Cargo | G245: warranty replacement | I245: =_xlfn.NUMBERVALUE(A245)
A246: 4978529 | C246: HA-2203-437 | D246: PR-2203-427 | E246: HVLE | F246: Cargo | G246: warranty replacement | I246: =_xlfn.NUMBERVALUE(A246)
A247: 4978675 | C247: HA-2203-419 | D247: PR-2203-475 | E247: HVLE | F247: Cargo | G247: warranty replacement | I247: =_xlfn.NUMBERVALUE(A247)
A248: 4978519 | C248: HA-2203-463 | D248: PR-2203-157 | E248: HVLE | F248: Cargo | G248: warranty replacement | I248: =_xlfn.NUMBERVALUE(A248)
A249: 4978575 | C249: HA-2203-421 | D249: PR-2203-164 | E249: HVLE | F249: Cargo | G249: warranty replacement | I249: =_xlfn.NUMBERVALUE(A249)
A250: 4978737 | C250: HA-2203-359 | D250: PR-2203-180 | E250: HVLE | F250: Cargo | G250: warranty replacement | I250: =_xlfn.NUMBERVALUE(A250)
...

Sheet Settings
D1: speed_filter | G1: processing_intervals | L1: 2 | M1: BLE_intervals | P1: low_voltage | S1: accelerometer | Y1: log_filters | Z1: sensor_config | AA1: processing_mode | AB1: FW_URL | AC1: Settings string
A2: Setting code | B2: Setting | C2: Description | D2: lower speed | E2: higher speed | F2: deviation | G2: long Slot | H2: scan slot | I2: short period | J2: long period | K2: measure delay | L2: sensor second wake | M2: split | N2: time-out | O2: watchdog | P2: low limit, V | Q2: high limit, V | R2: test period, s | S2: ODR, Hz | T2: low g sense, g | U2: low g dur, s | V2: high g sense, g | W2: high g dur, s | X2: init (active / failed) | Y2: =30,sensors.process=1,sensors.comm=1 | Z2: {\"RAIL_ACCEL_REC_RANGE_G\":16} | AA2: 0(normal):1(test) | AB2: http://ec2-35-157-185-34.eu-central-1.compute.amazonaws.com:8090/sensor?2.1/0.22/ | AC2: JSON
A3: 1 | B3: Shipping | C3: Mode for shipping devices | D3: 15.000000 | E3: 25.000000 | F3: 10.000000 | G3: 40 | H3: 600 | I3: =3600*12 | J3: =3600*12 | K3: 10 | L3: =600*L$1 | M3: 1 | N3: 60 | O3: 300 | P3: 2.500000 | Q3: 3.000000 | R3: 3600 | S3: 0.000000 | T3: 1.500000 | U3: 0.200000 | V3: 2.000000 | W3: 0.200000 | X3: active | Y3: =30 | Z3: {\"RAIL_ACCEL_REC_RANGE_G\":16} | AA3: 0 | AC3: ="{""" & $D$1 & """:""" & $D3 & "," & $E3 & "," & $F3 & """,""" & $G$1 & """:""" & $G3 & "," & $H3 & "," & $I3 & "," & $J3 & "," & $K3 & "," & $L3 & """,""" & $M$1 & """:""" & $M3 & "," & $N3 & "," & $O3 & """,""" & $P$1 & """:""" & $P3 & "," & $Q3 & "," & $R3 & """,""" & $S$1 & """:""" & $S3 & "," & $T3 & "," & $U3 & "," & $V3 & "," & $W3 & "," & $X3 & """,""" & $AB$1 & """:""" & $AB3 & """,""" & $Y$1 & """:""" & $Y3 & """,""" & $Z$1 & """:""" & $Z3 & """,""" & $AA$1 & """:""" & $AA3 & """}"
A4: =A3+1 | B4: Slow-5-12h | C4: Slow mode for low power operation | D4: =D3 | E4: =E3 | F4: =F3 | G4: =G3 | H4: 150 | I4: =3600*5 | J4: =3600*12 | K4: =K3 | L4: =200*L$1 | M4: =M3 | N4: =N3 | O4: =O3 | P4: =P3 | Q4: =Q3 | R4: =R3 | S4: =S3 | T4: =T3 | ... X4: =X3 | Y4: =30 | Z4: {\"RAIL_ACCEL_REC_RANGE_G\":16} | AA4: 0 | AC4: ="{""" & $D$1 & """:""" & $D4 & "," & $E4 & "," & $F4 & """,""" & $G$1 & """:""" & $G4 & "," & $H4 & "," & $I4 & "," & $J4 & "," & $K4 & "," & $L4 & """,""" & $M$1 & """:""" & $M4 & "," & $N4 & "," & $O4 & """,""" & $P$1 & """:""" & $P4 & "," & $Q4 & "," & $R4 & """,""" & $S$1 & """:""" & $S4 & "," & $T4 & "," & $U4 & "," & $V4 & "," & $W4 & "," & $X4 & """,""" & $AB$1 & """:""" & $AB4 & """,""" & $Y$1 & """:""" & $Y4 & """,""" & $Z$1 & """:""" & $Z4 & """,""" & $AA$1 & """:""" & $AA4 & """}"
A5: =A4+1 | B5: Normal-4-12h | C5: Normal operation mode | D5: =D4 | E5: =E4 | F5: =F4 | G5: =G4 | H5: 150 | I5: =3600*4 | J5: =3600*12 | K5: =K4 | L5: =60*L$1 | M5: =M4 | N5: =N4 | O5: =O4 | P5: =P4 | Q5: =Q4 | R5: =R4 | S5: =S4 | T5: =T4 | ... X5: =X4 | Y5: =30 | Z5: {\"RAIL_ACCEL_REC_RANGE_G\":16} | AA5: 0 | AB5: http://ec2-35-157-185-34.eu-central-1.compute.amazonaws.com:8090/sensor?2.2/0.31/ | AC5: ="{""" & $D$1 & """:""" & $D5 & "," & $E5 & "," & $F5 & """,""" & $G$1 & """:""" & $G5 & "," & $H5 & "," & $I5 & "," & $J5 & "," & $K5 & "," & $L5 & """,""" & $M$1 & """:""" & $M5 & "," & $N5 & "," & $O5 & """,""" & $P$1 & """:""" & $P5 & "," & $Q5 & "," & $R5 & """,""" & $S$1 & """:""" & $S5 & "," & $T5 & "," & $U5 & "," & $V5 & "," & $W5 & "," & $X5 & """,""" & $AB$1 & """:""" & $AB5 & """,""" & $Y$1 & """:""" & $Y5 & """,""" & $Z$1 & """:""" & $Z5 & """,""" & $AA$1 & """:""" & $AA5 & """}"
A6: =A5+1 | B6: Fast-1-3h | C6: Fast mode for faster data collection | D6: =D5 | E6: =E5 | F6: =F5 | G6: =G5 | H6: 150 | I6: =3600*1 | J6: =3*3600 | K6: =K5 | L6: =60*L$1 | M6: =M5 | N6: =N5 | O6: =O5 | P6: =P5 | Q6: =Q5 | R6: =R5 | S6: =S5 | T6: =T5 | ... X6: =X5 | Y6: =30 | Z6: {\"RAIL_ACCEL_REC_RANGE_G\":16} | AA6: 0 | AC6: ="{""" & $D$1 & """:""" & $D6 & "," & $E6 & "," & $F6 & """,""" & $G$1 & """:""" & $G6 & "," & $H6 & "," & $I6 & "," & $J6 & "," & $K6 & "," & $L6 & """,""" & $M$1 & """:""" & $M6 & "," & $N6 & "," & $O6 & """,""" & $P$1 & """:""" & $P6 & "," & $Q6 & "," & $R6 & """,""" & $S$1 & """:""" & $S6 & "," & $T6 & "," & $U6 & "," & $V6 & "," & $W6 & "," & $X6 & """,""" & $AB$1 & """:""" & $AB6 & """,""" & $Y$1 & """:""" & $Y6 & """,""" & $Z$1 & """:""" & $Z6 & """,""" & $AA$1 & """:""" & $AA6 & """}"
A7: =A6+1 | B7: Super Fast-20min-1h | C7: High energy consumption mode | D7: =D6 | E7: =E6 | F7: =F6 | G7: =G6 | H7: 150 | I7: 1200 | J7: 3600 | K7: =K6 | L7: =200*L$1 | M7: =M6 | N7: =N6 | O7: =O6 | P7: =P6 | Q7: =Q6 | R7: =R6 | S7: =S6 | T7: =T6 | ... X7: =X6 | Y7: =30 | Z7: {\"RAIL_ACCEL_REC_RANGE_G\":16} | AA7: 0 | AC7: ="{""" & $D$1 & """:""" & $D7 & "," & $E7 & "," & $F7 & """,""" & $G$1 & """:""" & $G7 & "," & $H7 & "," & $I7 & "," & $J7 & "," & $K7 & "," & $L7 & """,""" & $M$1 & """:""" & $M7 & "," & $N7 & "," & $O7 & """,""" & $P$1 & """:""" & $P7 & "," & $Q7 & "," & $R7 & """,""" & $S$1 & """:""" & $S7 & "," & $T7 & "," & $U7 & "," & $V7 & "," & $W7 & "," & $X7 & """,""" & $AB$1 & """:""" & $AB7 & """,""" & $Y$1 & """:""" & $Y7 & """,""" & $Z$1 & """:""" & $Z7 & """,""" & $AA$1 & """:""" & $AA7 & """}"
A8: =A7+1 | B8: Assembly-20-20min | C8: For assembling sensors | D8: 0.001000 | E8: 0.001000 | F8: =F7 | G8: =G7 | H8: 800 | I8: 1200 | J8: 1200 | K8: =K7 | L8: =600*L$1 | M8: =M7 | N8: =N7 | O8: =O7 | P8: =P7 | Q8: =Q7 | R8: =R7 | S8: 0.000000 | T8: 1.500000 | U8: 0.200000 | V8: 2.000000 | W8: 0.200000 | X8: active | Y8: =30 | Z8: {\"RAIL_ACCEL_REC_RANGE_G\":16} | AA8: 0 | AC8: ="{""" & $D$1 & """:""" & $D8 & "," & $E8 & "," & $F8 & """,""" & $G$1 & """:""" & $G8 & "," & $H8 & "," & $I8 & "," & $J8 & "," & $K8 & "," & $L8 & """,""" & $M$1 & """:""" & $M8 & "," & $N8 & "," & $O8 & """,""" & $P$1 & """:""" & $P8 & "," & $Q8 & "," & $R8 & """,""" & $S$1 & """:""" & $S8 & "," & $T8 & "," & $U8 & "," & $V8 & "," & $W8 & "," & $X8 & """,""" & $AB$1 & """:""" & $AB8 & """,""" & $Y$1 & """:""" & $Y8 & """,""" & $Z$1 & """:""" & $Z8 & """,""" & $AA$1 & """:""" & $AA8 & """}"
A9: =A8+1 | B9: New FW Test | C9: For LTG tests | D9: 0.001000 | E9: 0.001000 | F9: =F8 | G9: =G8 | H9: 600 | I9: 1200 | J9: 3600 | K9: =K8 | L9: =200*L$1 | M9: =M8 | N9: =N8 | O9: =O8 | P9: =P8 | Q9: =Q8 | R9: =R8 | S9: =S8 | T9: =T8 | ... X9: =X8 | Y9: =30,sensors.process=1,sensors.comm=1 | Z9: {\"RAIL_ACCEL_REC_RANGE_G\":16} | AA9: 0 | AB9: http://ec2-35-157-185-34.eu-central-1.compute.amazonaws.com:8090/sensor?2.2/0.31/ | AC9: ="{""" & $D$1 & """:""" & $D9 & "," & $E9 & "," & $F9 & """,""" & $G$1 & """:""" & $G9 & "," & $H9 & "," & $I9 & "," & $J9 & "," & $K9 & "," & $L9 & """,""" & $M$1 & """:""" & $M9 & "," & $N9 & "," & $O9 & """,""" & $P$1 & """:""" & $P9 & "," & $Q9 & "," & $R9 & """,""" & $S$1 & """:""" & $S9 & "," & $T9 & "," & $U9 & "," & $V9 & "," & $W9 & "," & $X9 & """,""" & $AB$1 & """:""" & $AB9 & """,""" & $Y$1 & """:""" & $Y9 & """,""" & $Z$1 & """:""" & $Z9 & """,""" & $AA$1 & """:""" & $AA9 & """}"
A10: =A9+1 | B10: TEST_F1-30min-4h | C10: Testing parameters 1 | D10: 0.000000 | E10: 0.000000 | F10: =F9 | G10: =G9 | H10: 150 | I10: 1800 | J10: =3600*4 | K10: 10 | L10: =200*L$1 | M10: =M9 | N10: =N9 | O10: =O9 | P10: =P9 | Q10: =Q9 | R10: =R9 | S10: =S9 | T10: =T9 | ... X10: =X9 | Y10: =30 | Z10: {\"RAIL_ACCEL_REC_RANGE_G\":16} | AA10: 0 | AC10: ="{""" & $D$1 & """:""" & $D10 & "," & $E10 & "," & $F10 & """,""" & $G$1 & """:""" & $G10 & "," & $H10 & "," & $I10 & "," & $J10 & "," & $K10 & "," & $L10 & """,""" & $M$1 & """:""" & $M10 & "," & $N10 & "," & $O10 & """,""" & $P$1 & """:""" & $P10 & "," & $Q10 & "," & $R10 & """,""" & $S$1 & """:""" & $S10 & "," & $T10 & "," & $U10 & "," & $V10 & "," & $W10 & "," & $X10 & """,""" & $AB$1 & """:""" & $AB10 & """,""" & $Y$1 & """:""" & $Y10 & """,""" & $Z$1 & """:""" & $Z10 & """,""" & $AA$1 & """:""" & $AA10 & """}"
A11: =A10+1 | B11: Recovery-6-6h | C11: Mode for GW recovery | D11: 30.000000 | E11: 40.000000 | F11: =F10 | G11: =G10 | H11: 10 | I11: =3600*6 | J11: =3600*6 | K11: 10 | L11: =300*L$1 | M11: =M10 | N11: =N10 | O11: =O10 | P11: =P10 | Q11: =Q10 | R11: =R10 | S11: =S10 | T11: =T10 | ... X11: =X10 | Y11: =30 | Z11: {\"RAIL_ACCEL_REC_RANGE_G\":16} | AA11: 0 | AC11: ="{""" & $D$1 & """:""" & $D11 & "," & $E11 & "," & $F11 & """,""" & $G$1 & """:""" & $G11 & "," & $H11 & "," & $I11 & "," & $J11 & "," & $K11 & "," & $L11 & """,""" & $M$1 & """:""" & $M11 & "," & $N11 & "," & $O11 & """,""" & $P$1 & """:""" & $P11 & "," & $Q11 & "," & $R11 & """,""" & $S$1 & """:""" & $S11 & "," & $T11 & "," & $U11 & "," & $V11 & "," & $W11 & "," & $X11 & """,""" & $AB$1 & """:""" & $AB11 & """,""" & $Y$1 & """:""" & $Y11 & """,""" & $Z$1 & """:""" & $Z11 & """,""" & $AA$1 & """:""" & $AA11 & """}"
A12: =A11+1 | B12: Discovery | C12: Find all desynchronized sensors | D12: 15.000000 | E12: 25.000000 | F12: =F11 | G12: =G11 | H12: 600 | I12: 1200 | J12: =3600*1.5 | K12: 10 | L12: =300*L$1*24 | M12: 1 | N12: 60 | O12: 300 | P12: 2.500000 | Q12: 3.000000 | R12: 3600 | S12: 0.000000 | T12: 1.500000 | U12: 0.200000 | V12: 2.000000 | W12: 0.200000 | X12: active | Y12: =30 | Z12: {\"RAIL_ACCEL_REC_RANGE_G\":16} | AA12: 0 | AC12: ="{""" & $D$1 & """:""" & $D12 & "," & $E12 & "," & $F12 & """,""" & $G$1 & """:""" & $G12 & "," & $H12 & "," & $I12 & "," & $J12 & "," & $K12 & "," & $L12 & """,""" & $M$1 & """:""" & $M12 & "," & $N12 & "," & $O12 & """,""" & $P$1 & """:""" & $P12 & "," & $Q12 & "," & $R12 & """,""" & $S$1 & """:""" & $S12 & "," & $T12 & "," & $U12 & "," & $V12 & "," & $W12 & "," & $X12 & """,""" & $AB$1 & """:""" & $AB12 & """,""" & $Y$1 & """:""" & $Y12 & """,""" & $Z$1 & """:""" & $Z12 & """,""" & $AA$1 & """:""" & $AA12 & """}"
A13: =A12+1 | B13: TEST_F2-30min-1h | C13: Testing parameters 2 | D13: 0.000000 | E13: 0.000000 | F13: =F10 | G13: =G12 | H13: 600 | I13: 1800 | J13: =3600 | K13: 10 | L13: =200*L$1 | M13: =M11 | N13: =N11 | O13: =O11 | P13: =P11 | Q13: =Q11 | R13: =R11 | S13: =S11 | T13: =T11 | ... X13: =X11 | Y13: =30,sensors.process=1,sensors.comm=1 | Z13: {\"RAIL_ACCEL_REC_RANGE_G\":16} | AA13: 0 | AC13: ="{""" & $D$1 & """:""" & $D13 & "," & $E13 & "," & $F13 & """,""" & $G$1 & """:""" & $G13 & "," & $H13 & "," & $I13 & "," & $J13 & "," & $K13 & "," & $L13 & """,""" & $M$1 & """:""" & $M13 & "," & $N13 & "," & $O13 & """,""" & $P$1 & """:""" & $P13 & "," & $Q13 & "," & $R13 & """,""" & $S$1 & """:""" & $S13 & "," & $T13 & "," & $U13 & "," & $V13 & "," & $W13 & "," & $X13 & """,""" & $AB$1 & """:""" & $AB13 & """,""" & $Y$1 & """:""" & $Y13 & """,""" & $Z$1 & """:""" & $Z13 & """,""" & $AA$1 & """:""" & $AA13 & """}"
A14: =A13+1 | B14: Normal-2-6h | C14: Normal mode with 2h+6h interval | D14: =D5 | E14: =E5 | F14: =F5 | G14: =G13 | H14: 150 | I14: =3600*2 | J14: =3600*6 | K14: =K5 | L14: =L5*L$1 | M14: =M5 | N14: =N5 | O14: =O5 | P14: =P5 | Q14: =Q5 | R14: =R5 | S14: =S5 | T14: =T5 | ... X14: =X5 | Y14: =30 | Z14: {\"RAIL_ACCEL_REC_RANGE_G\":16} | AA14: 0 | AC14: ="{""" & $D$1 & """:""" & $D14 & "," & $E14 & "," & $F14 & """,""" & $G$1 & """:""" & $G14 & "," & $H14 & "," & $I14 & "," & $J14 & "," & $K14 & "," & $L14 & """,""" & $M$1 & """:""" & $M14 & "," & $N14 & "," & $O14 & """,""" & $P$1 & """:""" & $P14 & "," & $Q14 & "," & $R14 & """,""" & $S$1 & """:""" & $S14 & "," & $T14 & "," & $U14 & "," & $V14 & "," & $W14 & "," & $X14 & """,""" & $AB$1 & """:""" & $AB14 & """,""" & $Y$1 & """:""" & $Y14 & """,""" & $Z$1 & """:""" & $Z14 & """,""" & $AA$1 & """:""" & $AA14 & """}"
A15: =A14+1 | B15: Certification | C15: Mode for certification bodies | D15: 15.000000 | E15: 25.000000 | F15: 10.000000 | G15: =G14 | H15: 300 | I15: 14400 | J15: 43200 | K15: 10 | L15: =200*L$1 | M15: 1 | N15: 60 | O15: 300 | P15: 2.500000 | Q15: 3.000000 | R15: 3600 | S15: 0.000000 | T15: 1.500000 | U15: 0.200000 | V15: 2.000000 | W15: 0.200000 | X15: active | Y15: =30 | Z15: {\"RAIL_ACCEL_REC_RANGE_G\":16} | AA15: 1 | AC15: ="{""" & $D$1 & """:""" & $D15 & "," & $E15 & "," & $F15 & """,""" & $G$1 & """:""" & $G15 & "," & $H15 & "," & $I15 & "," & $J15 & "," & $K15 & "," & $L15 & """,""" & $M$1 & """:""" & $M15 & "," & $N15 & "," & $O15 & """,""" & $P$1 & """:""" & $P15 & "," & $Q15 & "," & $R15 & """,""" & $S$1 & """:""" & $S15 & "," & $T15 & "," & $U15 & "," & $V15 & "," & $W15 & "," & $X15 & """,""" & $AB$1 & """:""" & $AB15 & """,""" & $Y$1 & """:""" & $Y15 & """,""" & $Z$1 & """:""" & $Z15 & """,""" & $AA$1 & """:""" & $AA15 & """}"
A16: =A15+1 | B16: Reserved-1 | C16: Normal operation mode | D16: =D15 | E16: =E15 | F16: =F15 | G16: =G15 | H16: 400 | I16: =3600*4 | J16: =3600*12 | K16: =K15 | L16: =200*L$1 | M16: =M15 | N16: =N15 | O16: =O15 | P16: =P15 | Q16: =Q15 | R16: =R15 | S16: =S15 | T16: =T15 | ... X16: =X15 | Y16: =30 | Z16: {\"RAIL_ACCEL_REC_RANGE_G\":16} | AA16: 0 | AC16: ="{""" & $D$1 & """:""" & $D16 & "," & $E16 & "," & $F16 & """,""" & $G$1 & """:""" & $G16 & "," & $H16 & "," & $I16 & "," & $J16 & "," & $K16 & "," & $L16 & """,""" & $M$1 & """:""" & $M16 & "," & $N16 & "," & $O16 & """,""" & $P$1 & """:""" & $P16 & "," & $Q16 & "," & $R16 & """,""" & $S$1 & """:""" & $S16 & "," & $T16 & "," & $U16 & "," & $V16 & "," & $W16 & "," & $X16 & """,""" & $AB$1 & """:""" & $AB16 & """,""" & $Y$1 & """:""" & $Y16 & """,""" & $Z$1 & """:""" & $Z16 & """,""" & $AA$1 & """:""" & $AA16 & """}"
A17: =A16+1 | B17: Reserved-2 | C17: Fast mode for faster data collection | D17: =D16 | E17: =E16 | F17: =F16 | G17: =G16 | H17: 300 | I17: =3600*1 | J17: =3*3600 | K17: =K16 | L17: =200*L$1 | M17: =M16 | N17: =N16 | O17: =O16 | P17: =P16 | Q17: =Q16 | R17: =R16 | S17: =S16 | T17: =T16 | ... X17: =X16 | Y17: =30 | Z17: {\"RAIL_ACCEL_REC_RANGE_G\":16} | AA17: 0 | AC17: ="{""" & $D$1 & """:""" & $D17 & "," & $E17 & "," & $F17 & """,""" & $G$1 & """:""" & $G17 & "," & $H17 & "," & $I17 & "," & $J17 & "," & $K17 & "," & $L17 & """,""" & $M$1 & """:""" & $M17 & "," & $N17 & "," & $O17 & """,""" & $P$1 & """:""" & $P17 & "," & $Q17 & "," & $R17 & """,""" & $S$1 & """:""" & $S17 & "," & $T17 & "," & $U17 & "," & $V17 & "," & $W17 & "," & $X17 & """,""" & $AB$1 & """:""" & $AB17 & """,""" & $Y$1 & """:""" & $Y17 & """,""" & $Z$1 & """:""" & $Z17 & """,""" & $AA$1 & """:""" & $AA17 & """}"
A18: =A17+1 | B18: TEST_F3-10min-10min | C18: Testing parameters 3 | D18: 15.000000 | E18: 25.000000 | F18: 10.000000 | G18: =G17 | H18: 120 | I18: 600 | J18: 600 | K18: 10 | L18: =120*L$1 | M18: =M16 | N18: =N16 | O18: =O16 | P18: =P16 | Q18: =Q16 | R18: =R16 | S18: =S16 | T18: =T16 | ... X18: =X16 | Y18: =30,sensors.comm=1 | Z18: {\"RAIL_ACCEL_REC_RANGE_G\":16} | AA18: 0 | AB18: http://ec2-35-157-185-34.eu-central-1.compute.amazonaws.com:8090/sensor?2.1/0.31/ | AC18: ="{""" & $D$1 & """:""" & $D18 & "," & $E18 & "," & $F18 & """,""" & $G$1 & """:""" & $G18 & "," & $H18 & "," & $I18 & "," & $J18 & "," & $K18 & "," & $L18 & """,""" & $M$1 & """:""" & $M18 & "," & $N18 & "," & $O18 & """,""" & $P$1 & """:""" & $P18 & "," & $Q18 & "," & $R18 & """,""" & $S$1 & """:""" & $S18 & "," & $T18 & "," & $U18 & "," & $V18 & "," & $W18 & "," & $X18 & """,""" & $AB$1 & """:""" & $AB18 & """,""" & $Y$1 & """:""" & $Y18 & """,""" & $Z$1 & """:""" & $Z18 & """,""" & $AA$1 & """:""" & $AA18 & """}"
A19: =A18+1 | B19: TEST_F4-1h-1h | C19: Testing parameters 4 | D19: 0.000000 | E19: 0.000000 | F19: =F16 | G19: =G18 | H19: 600 | I19: 3600 | J19: 3600 | K19: 10 | L19: 600 | M19: =M17 | N19: =N17 | O19: =O17 | P19: =P17 | Q19: =Q17 | R19: =R17 | S19: =S17 | T19: =T17 | ... X19: =X17 | Y19: =30 | Z19: {\"RAIL_ACCEL_REC_RANGE_G\":16} | AA19: 0 | AB19: http://ec2-35-157-185-34.eu-central-1.compute.amazonaws.com:8090/sensor?2.1/0.31/ | AC19: ="{""" & $D$1 & """:""" & $D19 & "," & $E19 & "," & $F19 & """,""" & $G$1 & """:""" & $G19 & "," & $H19 & "," & $I19 & "," & $J19 & "," & $K19 & "," & $L19 & """,""" & $M$1 & """:""" & $M19 & "," & $N19 & "," & $O19 & """,""" & $P$1 & """:""" & $P19 & "," & $Q19 & "," & $R19 & """,""" & $S$1 & """:""" & $S19 & "," & $T19 & "," & $U19 & "," & $V19 & "," & $W19 & "," & $X19 & """,""" & $AB$1 & """:""" & $AB19 & """,""" & $Y$1 & """:""" & $Y19 & """,""" & $Z$1 & """:""" & $Z19 & """,""" & $AA$1 & """:""" & $AA19 & """}"
A20: =A19+1 | B20: NO_SPEED_2h | C20: Speed filter off | D20: 0.000000 | E20: 0.000000 | F20: 10.000000 | G20: =G19 | H20: 150 | I20: =3600*2 | J20: =3600*2 | K20: =K19 | L20: =120*L$1 | M20: =M19 | N20: =N19 | O20: =O19 | P20: =P19 | Q20: =Q19 | R20: =R19 | S20: =S19 | T20: =T19 | ... X20: =X19 | Y20: =30 | Z20: {\"RAIL_ACCEL_REC_RANGE_G\":16} | AA20: 0 | AC20: ="{""" & $D$1 & """:""" & $D20 & "," & $E20 & "," & $F20 & """,""" & $G$1 & """:""" & $G20 & "," & $H20 & "," & $I20 & "," & $J20 & "," & $K20 & "," & $L20 & """,""" & $M$1 & """:""" & $M20 & "," & $N20 & "," & $O20 & """,""" & $P$1 & """:""" & $P20 & "," & $Q20 & "," & $R20 & """,""" & $S$1 & """:""" & $S20 & "," & $T20 & "," & $U20 & "," & $V20 & "," & $W20 & "," & $X20 & """,""" & $AB$1 & """:""" & $AB20 & """,""" & $Y$1 & """:""" & $Y20 & """,""" & $Z$1 & """:""" & $Z20 & """,""" & $AA$1 & """:""" & $AA20 & """}"
A21: 19 | B21: One-sensor-fast-test | C21: Fast mode for one sensor | D21: =D20 | E21: =E20 | F21: =F20 | G21: 40 | H21: 60 | I21: 300 | J21: 300 | K21: 4 | L21: =60*L$1 | M21: 1 | N21: 60 | O21: 300 | P21: 2.500000 | Q21: 3.000000 | R21: 3600 | S21: =S20 | T21: =T20 | U21: =U20 | V21: =V20 | W21: =W20 | X21: =X20 | Y21: =30,sensors.process=1,sensors.comm=1 | Z21: {\"RAIL_ACCEL_REC_RANGE_G\":16} | AA21: 0 | AC21: ="{""" & $D$1 & """:""" & $D21 & "," & $E21 & "," & $F21 & """,""" & $G$1 & """:""" & $G21 & "," & $H21 & "," & $I21 & "," & $J21 & "," & $K21 & "," & $L21 & """,""" & $M$1 & """:""" & $M21 & "," & $N21 & "," & $O21 & """,""" & $P$1 & """:""" & $P21 & "," & $Q21 & "," & $R21 & """,""" & $S$1 & """:""" & $S21 & "," & $T21 & "," & $U21 & "," & $V21 & "," & $W21 & "," & $X21 & """,""" & $AB$1 & """:""" & $AB21 & """,""" & $Y$1 & """:""" & $Y21 & """,""" & $Z$1 & """:""" & $Z21 & """,""" & $AA$1 & """:""" & $AA21 & """}"
A22: =A21+1 | B22: Shipping-no-GW | C22: Mode for shipping sensors only | D22: 15.000000 | E22: 25.000000 | F22: 10.000000 | G22: 40 | H22: 600 | I22: 3600 | J22: 3600 | K22: 10 | L22: =3600*4*L$1 | M22: 1 | N22: 60 | O22: 300 | P22: 2.500000 | Q22: 3.000000 | R22: 3600 | S22: 0.000000 | T22: 1.500000 | U22: 0.200000 | V22: 2.000000 | W22: 0.200000 | X22: active | Y22: =30 | Z22: {\"RAIL_ACCEL_REC_RANGE_G\":16} | AA22: 0 | AC22: ="{""" & $D$1 & """:""" & $D22 & "," & $E22 & "," & $F22 & """,""" & $G$1 & """:""" & $G22 & "," & $H22 & "," & $I22 & "," & $J22 & "," & $K22 & "," & $L22 & """,""" & $M$1 & """:""" & $M22 & "," & $N22 & "," & $O22 & """,""" & $P$1 & """:""" & $P22 & "," & $Q22 & "," & $R22 & """,""" & $S$1 & """:""" & $S22 & "," & $T22 & "," & $U22 & "," & $V22 & "," & $W22 & "," & $X22 & """,""" & $AB$1 & """:""" & $AB22 & """,""" & $Y$1 & """:""" & $Y22 & """,""" & $Z$1 & """:""" & $Z22 & """,""" & $AA$1 & """:""" & $AA22 & """}"
A23: =A22+1 | B23: DD_ONLY_discovery | C23: Discovery mode for sensors in office | D23: 0.000000 | E23: 0.000000 | F23: 10.000000 | G23: 40 | H23: =3600*4 | I23: =H23*1.1 | J23: =I23 | K23: 10 | L23: 600 | M23: 1 | N23: 60 | O23: 300 | P23: 2.500000 | Q23: 3.000000 | R23: 3600 | S23: 0.000000 | T23: 1.500000 | U23: 0.200000 | V23: 2.000000 | W23: 0.200000 | X23: active | Y23: =30 | Z23: {\"RAIL_ACCEL_REC_RANGE_G\":16} | AA23: 0 | AC23: ="{""" & $D$1 & """:""" & $D23 & "," & $E23 & "," & $F23 & """,""" & $G$1 & """:""" & $G23 & "," & $H23 & "," & $I23 & "," & $J23 & "," & $K23 & "," & $L23 & """,""" & $M$1 & """:""" & $M23 & "," & $N23 & "," & $O23 & """,""" & $P$1 & """:""" & $P23 & "," & $Q23 & "," & $R23 & """,""" & $S$1 & """:""" & $S23 & "," & $T23 & "," & $U23 & "," & $V23 & "," & $W23 & "," & $X23 & """,""" & $AB$1 & """:""" & $AB23 & """,""" & $Y$1 & """:""" & $Y23 & """,""" & $Z$1 & """:""" & $Z23 & """,""" & $AA$1 & """:""" & $AA23 & """}"
A24: =A23+1 | B24: Office_Standby | C24: Standby mode for office storage | D24: 15.000000 | E24: 25.000000 | F24: 10.000000 | G24: 40 | H24: 600 | I24: 43200 | J24: 43200 | K24: 10 | L24: =4*3600 | M24: 1 | N24: 60 | O24: 300 | P24: 2.500000 | Q24: 3.000000 | R24: 3600 | S24: 0.000000 | T24: 1.500000 | U24: 0.200000 | V24: 2.000000 | W24: 0.200000 | X24: active | Y24: =30 | Z24: {\"RAIL_ACCEL_REC_RANGE_G\":16} | AA24: 0

Sheet Wagons
A1: Wagon Nr. | B1: Wagon type | C1: Description
A2: 1 | B2: Shipping | C2: Mode for shipping devices
A3: =A2+1 | B3: Slow | C3: Slow mode for low power operation
A4: =A3+1 | B4: Normal | C4: Normal operation mode
A5: =A4+1 | B5: Fast | C5: Fast mode for faster data collection
A6: =A5+1 | B6: Super Fast | C6: High energy consumption mode
A7: 6 | B7: Assembly | C7: For assembling sensors
A8: 7 | B8: New FW Test | C8: For LTG tests

Sheet Wagon_types
